省份编码,省份,年份,城镇单位就业人员(万人),农林牧渔业城镇单位就业人员(万人),采矿业城镇单位就业人员(万人),制造业城镇单位就业人员(万人),电力、热力、燃气及水生产和供应业城镇单位就业人员(万人),建筑业城镇单位就业人员(万人),交通运输、仓储和邮政业城镇单位就业人员(万人),信息传输、软件和信息技术服务业城镇单位就业人员(万人),批发和零售业城镇单位就业人员(万人),住宿和餐饮业城镇单位就业人员(万人),金融业城镇单位就业人员(万人),房地产业城镇单位就业人员(万人),租赁和商务服务业城镇单位就业人员(万人),科学研究和技术服务业城镇单位就业人员(万人),水利、环境和公共设施管理业城镇单位就业人员(万人),居民服务、修理和其他服务业城镇单位就业人员(万人),教育业城镇单位就业人员(万人),卫生和社会工作城镇单位就业人员(万人),文化、体育和娱乐业城镇单位就业人员(万人),公共管理、社会保障和社会组织城镇单位就业人员(万人)
110000,北京市,2019,791.2978,0.3585,3.1784,65.3864,9.5549,45.1159,58.9525,85.9131,59.6265,30.498,64.4776,47.4197,73.7063,68.9448,12.3799,6.8324,57.5765,32.5307,18.6057,50.24
110000,北京市,2018,819.3019,2.6639,3.5957,74.4135,9.7386,47.8122,60.1978,84.03,73.6426,31.2119,54.687,47.2509,81.2969,71.7149,12.2423,11.3572,55.7763,30.4521,19.0281,48.19
110000,北京市,2017,812.8589,3.4116,4.12,82.3796,9.0362,46.616,57.6935,77.44,76.7973,31.1052,54.4498,44.2784,88.2695,71.2481,10.664,8.6,50.5697,29.3252,19.0189,47.8359
110000,北京市,2016,791.5197,3.6867,4.533,86.8847,9.0941,45.9436,58.2306,69.2226,78.3688,29.4119,51.4163,43.8857,80.1256,68.9751,10.3131,8.5803,48.6258,28.5829,18.6619,46.977
110000,北京市,2015,777.3448,3.8949,5.2859,92.1913,8.2274,45.3319,60.0266,68.007,77.054,29.7559,47.1636,42.1574,80.0887,59.3471,10.1949,9.0237,47.3218,27.274,18.2639,46.7348
110000,北京市,2014,755.8601,3.2331,6.1051,100.0347,8.201,45.6031,60.2262,61.1106,72.2818,30.2501,43.1574,41.0147,70.7537,59.798,9.9202,8.8396,45.8032,25.4294,17.4448,46.6534
110000,北京市,2013,742.2565,3.1346,6.7584,103.4888,8.7189,43.9059,59.2268,58.2393,68.8143,30.9947,39.1442,40.5836,66.1746,59.6532,9.8211,9.0942,46.1041,24.8279,18.0964,45.4755
110000,北京市,2012,717.3717,2.5446,6.8778,107.9701,8.9378,42.7383,57.8348,52.6268,68.644,31.9643,37.5626,37.0621,61.4032,54.0483,9.3887,8.639,44.3758,22.9606,17.0606,44.7323
110000,北京市,2011,685.9018,2.3632,6.7212,107.7745,9.0182,42.5344,57.4088,49.0865,63.5709,29.2292,32.8689,35.1304,58.7037,50.5675,8.9635,7.3333,42.5964,22.433,16.5116,43.0866
110000,北京市,2010,646.6,3.2,4.5,100.6,6.8,39.4,51.0,41.7,55.4,28.0,27.2,31.5,77.8,45.7,8.8,7.4,40.6,20.7,15.3,41.1
110000,北京市,2009,619.3478,3.2282,5.0284,99.4566,6.6111,34.1064,50.0662,36.2109,50.1649,28.2761,25.3837,30.1468,72.8774,43.7742,8.7669,7.6248,41.6743,20.1368,15.8219,39.9922
110000,北京市,2008,570.2613,2.5983,4.5468,96.3114,6.6196,32.7597,47.6774,33.4102,43.6418,25.9835,22.6825,28.8297,62.8099,40.0982,8.1198,6.6349,39.9362,18.6822,14.9026,34.0166
110000,北京市,2007,,,,,,,,,,,,,,,,,,,,
110000,北京市,2006,,,,,,,,,,,,,,,,,,,,
110000,北京市,2005,,,,,,,,,,,,,,,,,,,,
110000,北京市,2004,502.8295,,,,,,,,,,,,,,,,,,,
110000,北京市,2003,,,,,,,,,,,,,,,,,,,,
110000,北京市,2002,,,,,,,,,,,,,,,,,,,,
110000,北京市,2001,,,,,,,,,,,,,,,,,,,,
110000,北京市,2000,,,,,,,,,,,,,,,,,,,,
120000,天津市,2019,269.3543,0.262,5.844,67.3285,4.1725,25.055,14.9341,6.5728,19.964,6.3306,19.8017,10.7976,15.2941,11.0839,3.6809,6.513,20.2407,11.6909,2.1479,17.6401
120000,天津市,2018,259.9869,0.5309,6.0011,68.9562,4.035,26.6291,13.2342,6.4241,19.2004,5.5546,17.0514,10.391,13.2164,10.8,3.3259,4.6721,18.4332,10.8223,2.264,18.445
120000,天津市,2017,269.478,0.6226,6.5986,78.2405,4.0786,28.1197,14.5358,5.3464,15.3182,4.928,19.1651,8.1795,12.7149,11.9441,4.0589,6.4742,18.0238,11.141,2.533,17.4551
120000,天津市,2016,286.0447,0.8475,4.3989,99.4163,4.3475,28.1843,14.6712,4.8475,18.2105,5.0668,16.0073,7.9579,9.2762,11.487,4.4223,9.3733,17.9583,10.0956,2.1217,17.3546
120000,天津市,2015,294.7801,0.5303,6.4959,110.7759,4.5238,29.5429,15.0084,4.3541,17.8455,5.1796,12.1349,7.3436,8.2003,11.3175,4.1349,10.9868,17.9695,9.7125,2.2085,16.5152
120000,天津市,2014,295.5112,0.5045,6.6381,118.9999,4.4601,31.2716,14.3421,3.8477,17.2696,5.9567,8.9117,6.6674,6.6623,10.6886,4.0724,11.0436,17.3698,9.2795,2.0816,15.444
120000,天津市,2013,302.4363,0.5346,7.6133,122.3296,4.4907,31.0366,14.3455,3.5718,17.1697,6.5674,8.0907,9.1472,5.7713,10.748,4.1373,10.8307,18.9399,9.3077,2.2681,15.5362
120000,天津市,2012,289.0714,0.5494,6.9158,120.2451,4.3718,31.0989,14.0762,3.2678,17.4726,6.9102,7.8217,5.527,5.4398,8.2728,3.6823,10.8802,16.3035,8.8333,1.9026,15.5004
120000,天津市,2011,268.2419,0.6033,10.4064,112.6598,4.2114,30.5591,11.4261,2.0801,14.7451,6.7342,7.7246,4.1552,6.412,5.3367,3.356,6.8165,16.4584,8.8768,1.5971,14.0831
120000,天津市,2010,205.7,0.7,9.0,75.3,3.3,10.2,12.5,2.2,12.4,4.8,7.0,3.6,6.9,6.5,3.5,6.9,16.4,9.0,1.8,13.7
120000,天津市,2009,201.6501,0.7394,9.2698,72.8962,3.3358,10.6732,12.2863,2.4751,11.8557,4.0855,6.6839,3.1173,7.3409,5.908,3.5995,7.0052,16.5622,8.4953,1.7506,13.5702
120000,天津市,2008,200.6135,0.7128,7.0155,72.7081,3.5513,10.8474,12.4723,2.5317,13.5336,3.7118,6.173,3.1113,7.329,6.3842,3.5728,6.3031,16.7894,8.3401,1.7747,13.7514
120000,天津市,2007,,,,,,,,,,,,,,,,,,,,
120000,天津市,2006,,,,,,,,,,,,,,,,,,,,
120000,天津市,2005,,,,,,,,,,,,,,,,,,,,
120000,天津市,2004,193.91,,,,,,,,,,,,,,,,,,,
120000,天津市,2003,,,,,,,,,,,,,,,,,,,,
120000,天津市,2002,,,,,,,,,,,,,,,,,,,,
120000,天津市,2001,,,,,,,,,,,,,,,,,,,,
120000,天津市,2000,,,,,,,,,,,,,,,,,,,,
130000,河北省,2019,576.0277,2.6534,16.4847,95.0671,18.7187,43.2055,27.4703,10.1197,20.5701,4.4919,37.0462,10.42,16.1055,16.3756,9.0527,2.5084,95.99,45.3302,5.1821,99.2356
130000,河北省,2018,550.3377,2.5427,18.0508,98.3734,17.8383,48.1235,24.5802,8.3758,18.9728,4.1049,36.1434,8.3213,10.7371,15.9294,12.2128,1.9646,87.94,39.6097,5.1349,91.3821
130000,河北省,2017,535.3159,3.4586,19.8094,102.5542,17.8587,38.2765,24.2689,7.5299,17.7737,3.3612,34.643,6.3482,9.7656,14.1062,12.2466,2.2496,88.1687,39.2093,4.996,88.6916
130000,河北省,2016,639.621,3.8868,22.7719,136.324,18.7943,81.8486,28.6719,8.4213,26.8764,5.422,32.1685,12.1285,12.6147,16.3514,11.8743,2.5277,88.1037,37.7419,5.5019,87.5912
130000,河北省,2015,643.6468,4.1712,24.6381,140.8507,18.7123,84.3639,29.1791,8.8465,27.1404,5.8072,29.9102,10.978,13.4382,14.8112,11.7606,1.7013,89.0717,36.4528,5.4861,86.3273
130000,河北省,2014,656.179,4.5579,27.2604,147.701,19.2078,89.0488,28.9603,8.5587,28.2444,6.2678,27.6627,10.5257,13.7689,14.4762,11.4396,1.5216,89.9082,35.4472,5.2686,86.3532
130000,河北省,2013,653.358,5.2407,28.2686,150.3358,19.6189,90.6173,27.5895,8.6275,28.8563,6.9333,25.6396,9.1472,11.4896,13.9734,11.4872,1.4368,89.728,33.6961,5.2785,85.3937
130000,河北省,2012,619.9464,5.5239,28.7978,145.3747,21.2466,81.4008,24.3019,6.5019,26.3272,6.7824,24.6544,6.8395,5.158,12.5263,11.2545,2.1569,89.8513,32.2273,5.2299,83.7911
130000,河北省,2011,555.4236,5.7072,28.417,130.5766,20.2074,50.6197,24.3789,5.8589,23.4736,5.2683,23.8344,4.8988,5.1101,9.9997,10.1307,2.0561,88.7923,30.0116,5.0859,80.9964
130000,河北省,2010,519.6,6.6,27.8,119.7,19.9,36.5,25.1,6.3,22.5,4.5,24.2,4.2,4.9,8.9,10.1,2.0,86.3,27.8,5.0,77.2
130000,河北省,2009,503.0626,7.0711,27.0216,116.9822,19.846,33.9425,25.479,6.0454,22.1463,4.5261,23.4191,3.2804,5.1344,8.4096,9.2543,1.9455,82.4768,25.7818,4.7165,75.584
130000,河北省,2008,501.0177,7.4899,28.0926,116.3827,19.504,34.5598,25.6907,5.5823,23.169,4.7748,22.1543,3.2133,4.763,8.1732,8.8532,2.1773,82.6673,24.5897,4.6746,74.506
130000,河北省,2007,,,,,,,,,,,,,,,,,,,,
130000,河北省,2006,,,,,,,,,,,,,,,,,,,,
130000,河北省,2005,,,,,,,,,,,,,,,,,,,,
130000,河北省,2004,,,,,,,,,,,,,,,,,,,,
130000,河北省,2003,,,,,,,,,,,,,,,,,,,,
130000,河北省,2002,,,,,,,,,,,,,,,,,,,,
130000,河北省,2001,,,,,,,,,,,,,,,,,,,,
130000,河北省,2000,,,,,,,,,,,,,,,,,,,,
140000,山西省,2019,441.0689,0.9769,81.5141,56.3525,15.8309,28.9929,21.0564,5.2343,13.6106,3.5494,29.9985,5.4959,11.8158,7.7318,7.9533,0.8444,55.2415,24.6515,4.4305,65.7877
140000,山西省,2018,425.8247,1.3567,88.3731,60.3351,13.0217,29.7125,21.4169,4.8734,15.7164,3.4849,20.8065,3.6494,8.6282,7.3276,9.03,0.8653,50.0438,21.7123,4.662,60.8089
140000,山西省,2017,428.6802,1.6464,89.3162,63.9914,12.9051,29.1688,23.4515,4.8649,14.8286,3.6855,18.5789,3.7591,8.1939,7.0876,10.131,0.9693,51.2714,21.1133,4.4382,59.2791
140000,山西省,2016,430.5525,1.7389,91.0853,63.7631,12.5355,29.4152,23.447,4.969,17.0781,3.9338,17.8822,3.4821,9.0796,7.2279,9.7995,0.6249,51.26,20.4858,4.5774,58.1672
140000,山西省,2015,440.2665,1.8181,95.3335,65.4168,11.6835,33.3401,24.1216,5.5397,17.4652,4.2145,16.8227,3.6116,8.8852,7.5243,9.5522,0.649,51.7084,20.0364,4.5836,57.9601
140000,山西省,2014,452.0946,2.0227,98.5224,69.1336,11.8489,35.5429,24.5916,5.4986,19.0499,5.0174,15.6207,3.5868,7.9542,7.3264,9.377,1.3606,52.7124,19.5108,4.8777,58.54
140000,山西省,2013,464.0385,2.1983,103.0136,73.1369,11.4783,38.4486,23.6392,6.0181,21.2002,5.5567,15.6064,3.2293,7.2872,6.9576,8.8274,1.4823,52.3509,18.8399,4.6697,60.0979
140000,山西省,2012,436.0001,2.8246,90.2565,70.2927,11.1272,38.7767,22.314,5.2745,19.1635,6.9215,15.7731,2.6119,5.3465,5.9181,7.6288,0.6443,49.9074,17.1291,4.462,59.6277
140000,山西省,2011,409.6869,3.243,85.7,70.194,10.3351,25.1356,21.8726,4.9342,18.0713,4.8883,15.0372,2.0608,5.4834,6.0793,6.9644,0.7116,49.2001,16.7285,4.607,58.4405
140000,山西省,2010,394.4,3.2,79.6,71.7,9.9,22.5,20.4,4.1,17.6,4.2,13.8,2.6,6.4,6.0,6.4,0.7,48.6,16.1,4.6,55.9
140000,山西省,2009,385.7975,2.5834,75.0272,69.7921,9.9074,22.5487,21.2726,4.2873,17.8844,4.2127,13.9896,2.6841,6.2331,5.8885,5.954,0.7487,47.953,15.2934,4.6073,54.93
140000,山西省,2008,375.1781,3.4965,71.6699,70.3284,10.581,19.8258,22.0513,4.562,17.8634,4.1054,13.8977,1.4688,6.2976,5.8957,5.6189,0.7626,49.1297,14.9657,4.789,47.8687
140000,山西省,2007,,,,,,,,,,,,,,,,,,,,
140000,山西省,2006,,,,,,,,,,,,,,,,,,,,
140000,山西省,2005,,,,,,,,,,,,,,,,,,,,
140000,山西省,2004,361.973,,,,,,,,,,,,,,,,,,,
140000,山西省,2003,,,,,,,,,,,,,,,,,,,,
140000,山西省,2002,,,,,,,,,,,,,,,,,,,,
140000,山西省,2001,,,,,,,,,,,,,,,,,,,,
140000,山西省,2000,,,,,,,,,,,,,,,,,,,,
150000,内蒙古自治区,2019,280.9049,8.6179,14.4562,30.7896,14.6253,12.9394,19.9034,4.6988,8.2533,2.8506,20.6547,5.6656,7.0842,7.0176,3.8688,0.7663,37.9095,19.2406,3.1843,58.3788
150000,内蒙古自治区,2018,272.4304,18.2322,13.557,32.5414,13.9932,13.4117,20.0954,4.8823,8.3015,3.102,14.5312,5.0355,5.0278,5.6278,8.2172,0.7498,34.2409,17.8291,3.2546,49.7998
150000,内蒙古自治区,2017,280.6311,21.9661,14.1488,36.3066,13.6272,16.4265,21.0957,4.8245,8.659,3.6365,11.7488,5.6294,5.3221,6.0063,8.3514,0.8674,35.208,16.3356,3.7306,46.7406
150000,内蒙古自治区,2016,293.2421,22.8845,16.5778,43.8517,14.5493,18.9409,22.7777,4.8486,8.9121,3.6938,11.7685,5.48,4.2176,5.9023,8.2743,0.834,35.0763,15.7028,3.5319,45.418
150000,内蒙古自治区,2015,298.2658,23.5519,17.9088,46.6873,14.2492,21.5754,20.6365,5.024,9.6096,4.0691,11.5712,5.3951,4.6101,6.3212,8.0895,0.8715,35.1478,15.2511,3.4532,44.2433
150000,内蒙古自治区,2014,301.4517,23.8322,20.3776,46.2809,13.9913,22.9116,21.3081,5.0222,10.5005,4.2596,11.3302,5.0271,4.4697,6.2159,8.2811,0.9229,35.3822,14.7767,3.5439,43.018
150000,内蒙古自治区,2013,303.8389,24.0787,21.541,47.5162,13.3555,25.4938,21.6843,5.8542,11.3577,4.5914,11.0766,4.8378,4.3847,6.0952,8.1734,1.0038,35.1288,13.9262,3.4813,40.2583
150000,内蒙古自治区,2012,270.7695,24.988,21.4738,42.6678,11.9724,18.2466,16.9479,4.406,7.9761,2.8903,10.7915,1.8434,3.152,4.882,7.8149,0.726,34.7945,12.8753,3.2802,39.0408
150000,内蒙古自治区,2011,262.3926,26.1925,20.5471,40.0111,11.0773,16.7148,16.4026,4.1958,7.5949,2.6825,10.4429,2.0054,2.9003,4.3963,7.7805,2.1234,34.6048,12.8357,3.2577,36.627
150000,内蒙古自治区,2010,249.2,26.7,18.5,37.2,10.1,13.6,16.3,3.9,6.7,2.4,10.1,1.5,2.8,4.3,7.3,2.0,34.7,12.3,3.3,35.3
150000,内蒙古自治区,2009,245.8276,26.7714,17.8762,37.7575,10.0738,13.6943,16.2429,3.9079,6.5751,2.2777,9.9186,1.4467,2.8518,4.2445,6.8817,2.0562,34.2477,11.7475,3.2788,33.9773
150000,内蒙古自治区,2008,244.8288,27.7455,17.2933,39.3337,9.7311,13.4085,15.8522,3.749,6.8274,2.4551,9.0234,1.5067,2.9948,4.1685,6.5087,2.3748,34.3658,11.3247,3.256,32.9096
150000,内蒙古自治区,2007,,,,,,,,,,,,,,,,,,,,
150000,内蒙古自治区,2006,,,,,,,,,,,,,,,,,,,,
150000,内蒙古自治区,2005,,,,,,,,,,,,,,,,,,,,
150000,内蒙古自治区,2004,,,,,,,,,,,,,,,,,,,,
150000,内蒙古自治区,2003,,,,,,,,,,,,,,,,,,,,
150000,内蒙古自治区,2002,,,,,,,,,,,,,,,,,,,,
150000,内蒙古自治区,2001,,,,,,,,,,,,,,,,,,,,
150000,内蒙古自治区,2000,,,,,,,,,,,,,,,,,,,,
210000,辽宁省,2019,499.8966,17.1776,19.6287,110.3992,15.7557,32.3985,32.9225,13.6899,18.8089,5.0737,33.5277,10.6964,13.3524,9.8107,7.4397,2.2809,50.9774,31.5333,4.5307,69.8927
210000,辽宁省,2018,501.6267,19.4652,21.6343,112.103,16.3492,37.7755,32.9713,12.8051,20.2133,5.6057,28.4729,10.4816,11.9744,10.408,10.0455,3.2538,49.0428,31.1467,4.0605,63.8179
210000,辽宁省,2017,519.4804,21.4709,23.6861,117.7764,13.9638,50.2194,35.5545,12.9036,20.4377,5.8277,28.3071,10.3637,11.5021,12.0652,13.2179,2.2826,50.3089,30.6642,4.6742,54.2544
210000,辽宁省,2016,560.3886,22.6549,24.7401,131.7333,14.6877,64.6126,35.1628,12.5846,22.6351,6.2184,27.0029,11.9708,11.8773,13.8379,14.3686,2.4087,53.714,31.3038,5.0434,53.8317
210000,辽宁省,2015,618.3949,22.4708,28.7466,150.6278,14.585,83.6715,36.112,13.2887,25.7685,6.7539,26.0117,13.2944,11.8469,15.9093,15.8973,2.562,57.9817,33.6683,5.0967,54.1018
210000,辽宁省,2014,665.1733,23.134,31.2939,166.9224,15.8588,102.3163,37.5739,12.9648,26.7409,7.365,24.441,14.5229,12.7876,16.9029,16.1113,2.8236,59.8762,34.4699,5.2506,53.8173
210000,辽宁省,2013,689.07,23.3243,34.0321,179.4581,16.4508,112.0518,37.6584,12.7133,27.7169,8.0807,23.2089,14.0409,13.2564,16.8951,15.8882,2.7964,59.0603,33.3831,5.5375,53.5168
210000,辽宁省,2012,598.7272,25.1729,32.5541,168.3199,16.4475,60.9206,32.8067,9.0064,21.0939,7.2453,22.5181,12.3697,10.2079,15.8368,15.5501,2.6698,57.7745,30.4061,5.0533,52.7736
210000,辽宁省,2011,579.576,26.5356,33.0724,167.5724,17.0988,47.8874,32.9403,8.4659,22.0302,7.3019,22.4191,11.5356,12.5691,13.862,14.2243,2.9956,55.1252,28.1221,5.2392,50.5789
210000,辽宁省,2010,518.1,27.9,35.2,144.8,16.6,31.2,30.2,7.0,16.9,6.4,20.7,8.8,12.2,12.0,12.8,2.9,52.3,25.6,5.1,49.5
210000,辽宁省,2009,509.5479,27.6091,35.4627,146.0104,16.2517,29.4679,31.7787,6.0775,17.145,6.7091,20.1945,7.4586,10.0812,10.8198,11.4662,2.3744,50.8584,24.5118,5.4047,49.8662
210000,辽宁省,2008,510.79,31.2985,33.5633,146.9581,16.9502,28.4473,33.7793,6.1269,15.4789,6.5386,20.6469,6.5443,12.0212,10.1749,11.4203,2.0112,50.2781,24.2847,4.9874,49.2799
210000,辽宁省,2007,,,,,,,,,,,,,,,,,,,,
210000,辽宁省,2006,,,,,,,,,,,,,,,,,,,,
210000,辽宁省,2005,,,,,,,,,,,,,,,,,,,,
210000,辽宁省,2004,502.6,,,,,,,,,,,,,,,,,,,
210000,辽宁省,2003,,,,,,,,,,,,,,,,,,,,
210000,辽宁省,2002,,,,,,,,,,,,,,,,,,,,
210000,辽宁省,2001,,,,,,,,,,,,,,,,,,,,
210000,辽宁省,2000,,,,,,,,,,,,,,,,,,,,
220000,吉林省,2019,277.3403,7.0077,8.6412,50.818,10.3665,14.9271,16.3199,5.6054,10.4203,2.3217,17.4926,6.0516,6.4404,7.8456,6.7759,1.8181,37.1826,21.2478,3.3031,42.7548
220000,吉林省,2018,279.3233,9.7037,9.4305,56.8936,10.1901,18.5207,14.8656,5.8228,11.2427,2.3435,13.4325,6.0579,6.6474,7.2945,7.1694,1.9786,35.9483,19.9091,3.6888,38.1836
220000,吉林省,2017,307.0568,11.4313,12.2392,70.9399,11.8834,23.6805,16.2482,6.2903,11.4147,2.7868,12.1523,6.904,6.7916,7.6755,8.4516,2.6152,36.0897,19.5881,3.6563,36.2182
220000,吉林省,2016,322.1463,12.4934,13.0708,81.8555,12.3472,27.317,16.0708,6.4105,11.6447,2.8363,12.0865,6.7708,5.7648,7.6412,8.5471,2.5393,36.1559,18.7229,3.5368,36.3348
220000,吉林省,2015,325.062,12.8394,14.0798,84.2307,12.9966,29.2636,16.5889,6.5502,11.3612,2.9519,11.8287,6.0067,4.9737,7.5372,8.3108,2.2497,36.1221,18.1289,3.5699,35.472
220000,吉林省,2014,334.4162,13.315,14.2788,86.6905,13.4514,33.1902,16.4287,6.5783,12.5417,3.0126,11.4768,6.3078,5.783,7.8792,8.1597,1.7057,36.6065,17.947,3.4867,35.5766
220000,吉林省,2013,338.4417,13.6648,15.3963,88.4034,14.0322,33.8694,17.1587,6.7365,12.8701,3.2884,11.0171,5.7257,5.4646,8.0272,8.3034,1.3236,37.082,17.4007,3.5956,35.082
220000,吉林省,2012,285.4781,15.7076,16.6393,64.8257,8.8996,17.6383,15.9175,4.734,9.5296,3.0147,10.933,5.1316,4.8576,7.5965,8.1613,0.8769,37.201,16.2699,3.6415,33.9025
220000,吉林省,2011,277.8558,16.2662,14.7843,64.9457,8.9537,13.3745,14.2939,5.7888,9.3824,3.1427,10.5249,5.2924,4.395,6.7857,8.4877,0.9003,36.8331,17.4508,3.7222,32.5315
220000,吉林省,2010,267.6,16.7,15.6,60.8,8.2,13.4,14.5,5.2,8.9,3.0,10.2,3.6,4.5,6.7,8.1,1.1,36.7,15.3,3.7,31.4
220000,吉林省,2009,265.2598,16.2252,18.2677,59.0414,8.0878,12.9397,15.3194,5.0929,8.2292,3.1386,9.8575,3.3516,4.0984,6.4424,7.7506,1.065,37.0771,15.0225,3.6724,30.5804
220000,吉林省,2008,262.0232,16.6065,17.6101,56.9681,8.0836,13.7452,15.7337,3.6413,8.4454,2.9396,9.3082,3.3685,3.5898,6.2589,7.4957,1.2731,37.6996,14.5591,3.724,30.9728
220000,吉林省,2007,,,,,,,,,,,,,,,,,,,,
220000,吉林省,2006,,,,,,,,,,,,,,,,,,,,
220000,吉林省,2005,,,,,,,,,,,,,,,,,,,,
220000,吉林省,2004,,,,,,,,,,,,,,,,,,,,
220000,吉林省,2003,,,,,,,,,,,,,,,,,,,,
220000,吉林省,2002,,,,,,,,,,,,,,,,,,,,
220000,吉林省,2001,,,,,,,,,,,,,,,,,,,,
220000,吉林省,2000,,,,,,,,,,,,,,,,,,,,
230000,黑龙江省,2019,349.574,40.7217,23.4219,30.1119,14.4566,17.4291,25.7628,8.8156,11.1888,1.4195,23.4283,5.7983,13.5422,8.637,6.7099,2.8329,39.6144,24.9073,2.8254,47.9504
230000,黑龙江省,2018,392.656,65.6214,26.8514,38.6097,13.6521,21.4861,25.03,7.9656,15.6808,3.2438,21.7173,6.4203,10.8374,9.1742,10.3924,4.2349,40.9036,22.9921,3.5017,44.3412
230000,黑龙江省,2017,413.0136,67.7202,25.5592,45.6676,16.8343,24.7003,27.0041,8.1555,17.7763,3.6859,22.6548,6.255,7.9775,10.6923,10.9521,3.9102,41.7976,23.1389,3.8244,44.7074
230000,黑龙江省,2016,424.8714,66.7985,27.9101,51.9865,17.6015,28.442,27.1327,7.2891,18.617,4.0433,21.3468,6.1337,6.8933,11.1223,11.1348,3.9937,43.0329,22.9192,3.9209,44.5531
230000,黑龙江省,2015,433.5151,65.5137,31.8638,57.3524,18.0621,31.1202,27.4955,7.3769,18.2075,4.1511,18.702,5.987,6.29,11.1809,10.8794,4.31,44.2622,22.3709,3.9965,44.393
230000,黑龙江省,2014,450.8828,71.0984,35.928,61.3082,18.0958,33.8497,27.7461,7.6385,18.7443,4.5246,16.9005,6.0346,6.2055,11.5422,10.1503,4.2642,45.3708,22.595,4.0981,44.788
230000,黑龙江省,2013,467.791,79.8991,38.4127,64.9885,18.2837,37.2165,28.0785,7.1042,19.7209,4.8516,15.9235,6.0459,5.9292,11.1528,10.163,4.6702,45.222,22.3008,4.5747,43.2532
230000,黑龙江省,2012,470.9834,93.2627,41.3269,63.3458,15.7331,35.6205,25.6089,6.1105,15.901,4.5601,16.0117,5.8534,4.8877,11.8926,10.2162,4.3857,46.9553,20.9837,4.239,44.0886
230000,黑龙江省,2011,466.1987,93.9292,43.4887,65.6688,14.6002,30.5816,25.6259,6.1206,16.3855,3.7843,14.6744,5.6163,5.0485,12.1715,10.186,5.1023,45.8708,20.3964,4.1067,42.841
230000,黑龙江省,2010,460.0,92.9,42.2,66.8,14.3,27.0,25.2,5.6,17.7,3.7,14.2,4.9,5.9,12.0,9.7,6.5,46.1,19.7,3.9,41.6
230000,黑龙江省,2009,469.0601,92.8932,42.8056,78.6306,14.7709,29.9135,26.1497,5.3257,18.3445,3.2713,13.4821,4.2734,4.166,11.4405,9.2396,5.8915,45.1575,18.5067,3.8809,40.9169
230000,黑龙江省,2008,475.0656,94.4111,43.9966,84.3675,14.5959,30.1221,26.0091,5.5013,19.3119,3.189,12.1792,4.3625,4.2409,11.2379,8.5469,5.7876,44.2704,18.2677,3.8209,40.8471
230000,黑龙江省,2007,,,,,,,,,,,,,,,,,,,,
230000,黑龙江省,2006,,,,,,,,,,,,,,,,,,,,
230000,黑龙江省,2005,,,,,,,,,,,,,,,,,,,,
230000,黑龙江省,2004,,,,,,,,,,,,,,,,,,,,
230000,黑龙江省,2003,,,,,,,,,,,,,,,,,,,,
230000,黑龙江省,2002,,,,,,,,,,,,,,,,,,,,
230000,黑龙江省,2001,,,,,,,,,,,,,,,,,,,,
230000,黑龙江省,2000,,,,,,,,,,,,,,,,,,,,
310000,上海市,2019,716.0584,7.6301,0.1186,143.485,3.4752,32.3785,50.4331,41.768,98.9864,29.9079,37.8824,30.1223,76.3978,36.205,10.62,10.9277,40.052,28.3931,7.5051,29.7702
310000,上海市,2018,640.6657,3.0995,0.0662,161.723,3.9946,30.4748,50.5838,35.5812,84.4687,30.4811,33.3912,26.5978,57.8744,26.8938,9.2639,7.1308,31.8756,19.3579,5.8636,21.9438
310000,上海市,2017,632.309,2.7646,0.0545,172.0932,4.1367,31.2508,51.143,30.7312,80.0561,25.5494,34.178,26.7351,55.4411,24.5506,8.6987,7.4547,30.8006,19.1078,6.4103,21.1526
310000,上海市,2016,627.7762,2.4796,0.0523,181.046,4.3719,32.9297,51.0827,26.7844,78.3592,24.2978,35.5147,25.3806,52.1972,23.1873,8.5936,6.3045,29.6841,18.9476,6.0328,20.5302
310000,上海市,2015,637.2328,2.4828,0.0615,192.9316,4.2756,35.1496,51.4541,25.4422,78.2158,24.0034,33.7397,26.2148,51.9981,22.52,8.3318,6.4942,29.0946,18.8934,5.6115,20.3181
310000,上海市,2014,648.8759,2.3664,0.0594,206.0958,4.5872,37.2836,51.3694,24.781,78.0104,24.3925,33.0296,25.5863,48.9161,22.5405,8.5721,6.6462,29.4243,19.0277,5.6664,20.521
310000,上海市,2013,618.8374,1.3418,0.0526,211.7904,5.2418,37.1768,49.1586,21.6511,66.8956,21.0544,30.0312,24.028,42.0924,20.389,8.1138,5.1049,29.5015,18.8422,5.8854,20.4859
310000,上海市,2012,555.7296,1.2254,0.0542,218.7271,5.8306,48.8552,37.9549,8.5528,59.8371,20.1344,29.4556,15.2019,17.2215,12.2304,6.1745,3.3034,27.9905,17.38,5.1057,20.4944
310000,上海市,2011,497.3238,1.4023,0.0535,186.8255,6.1079,36.7537,41.0319,8.2032,47.5247,16.708,27.7838,15.4854,18.4489,12.3615,6.265,2.3978,27.7345,17.6761,5.159,19.4011
310000,上海市,2010,392.9,1.5,0.1,141.3,5.4,11.3,36.3,6.7,26.4,11.7,23.6,11.2,18.6,23.2,5.9,3.3,26.1,16.7,4.7,18.7
310000,上海市,2009,385.4074,1.3261,0.0897,140.7073,5.5589,11.0132,35.6329,6.515,25.4025,10.8191,21.7125,11.4816,18.0026,20.9104,6.2115,3.8569,26.7447,16.6032,4.5675,18.2518
310000,上海市,2008,377.2235,1.2148,0.0837,143.0373,5.5062,11.0804,34.0486,5.6254,24.1116,9.8469,20.6546,10.6638,18.342,18.1302,5.7101,4.0314,27.1035,15.9653,4.3933,17.6744
310000,上海市,2007,,,,,,,,,,,,,,,,,,,,
310000,上海市,2006,,,,,,,,,,,,,,,,,,,,
310000,上海市,2005,,,,,,,,,,,,,,,,,,,,
310000,上海市,2004,,,,,,,,,,,,,,,,,,,,
310000,上海市,2003,,,,,,,,,,,,,,,,,,,,
310000,上海市,2002,,,,,,,,,,,,,,,,,,,,
310000,上海市,2001,,,,,,,,,,,,,,,,,,,,
310000,上海市,2000,,,,,,,,,,,,,,,,,,,,
320000,江苏省,2019,1332.3202,2.7116,4.0259,453.7372,14.2893,270.0651,48.3382,32.4252,60.479,19.1693,38.8932,29.0991,46.1441,27.2684,13.2263,4.9492,110.3491,59.3721,9.2305,88.5474
320000,江苏省,2018,1472.5902,3.8572,6.4954,497.5454,14.1915,434.0438,46.0396,32.0043,55.5806,18.0358,39.4001,25.3675,33.5011,21.8056,12.2058,3.7073,92.1218,49.9874,7.8856,78.8144
320000,江苏省,2017,1484.5975,5.0713,7.3175,543.2118,14.7947,406.9772,48.1339,27.9156,53.8513,16.5628,40.3481,23.032,30.2471,22.0376,14.8761,3.4594,93.96,51.2162,8.0008,73.5841
320000,江苏省,2016,1497.304,5.6166,8.5487,567.423,14.5111,396.7734,49.6425,27.3185,56.1091,16.8972,38.0797,22.2448,29.4356,21.806,15.4435,3.2066,94.9661,49.4518,7.8676,71.9622
320000,江苏省,2015,1552.078,5.833,10.6039,595.1956,17.3926,417.3319,49.2318,28.2597,58.6032,17.3429,35.0513,22.6451,31.3181,21.7656,15.454,3.3472,95.978,47.9324,7.77,71.0217
320000,江苏省,2014,1602.4022,6.3023,11.7656,612.3192,18.1179,450.1977,49.7774,29.0372,59.3568,19.7569,33.3209,22.1396,31.2336,21.5073,14.9608,3.7532,94.6157,46.6714,7.7718,69.7969
320000,江苏省,2013,1503.25,6.6017,13.619,555.4442,18.1362,420.5275,48.4064,30.4579,61.3948,19.198,30.7892,21.1881,31.8584,19.2155,14.0325,3.5732,89.4699,43.8712,7.7194,67.7469
320000,江苏省,2012,830.9369,8.6041,12.8306,359.6736,12.8678,69.5026,30.6102,10.7862,33.4759,11.9385,29.3585,8.226,12.3202,12.7822,13.2693,1.2609,88.8493,41.1158,6.0722,67.393
320000,江苏省,2011,811.2753,9.3509,12.8508,353.694,13.2141,65.1904,31.3515,9.9224,32.0915,11.7271,28.9413,7.9312,11.176,11.9582,12.993,1.1097,87.079,39.6637,6.0238,65.0067
320000,江苏省,2010,763.8,9.9,12.6,335.5,12.9,52.3,31.2,8.7,29.0,10.6,26.9,7.3,12.0,10.9,12.3,1.0,85.5,36.3,5.7,63.1
320000,江苏省,2009,721.3447,10.5061,13.6706,308.2048,12.8501,46.0405,30.6981,7.3279,27.7179,10.4732,26.6215,6.49,11.4637,9.8455,11.4587,1.1872,84.5617,34.4183,5.5827,62.2262
320000,江苏省,2008,707.6413,12.1573,13.5854,307.3609,12.6598,38.3523,31.9672,7.2688,27.2603,9.882,25.0466,5.964,11.0073,9.3868,11.1745,1.0806,84.3124,32.9619,5.3883,60.8249
320000,江苏省,2007,,,,,,,,,,,,,,,,,,,,
320000,江苏省,2006,,,,,,,,,,,,,,,,,,,,
320000,江苏省,2005,,,,,,,,,,,,,,,,,,,,
320000,江苏省,2004,606.85,,,,,,,,,,,,,,,,,,,
320000,江苏省,2003,,,,,,,,,,,,,,,,,,,,
320000,江苏省,2002,,,,,,,,,,,,,,,,,,,,
320000,江苏省,2001,,,,,,,,,,,,,,,,,,,,
320000,江苏省,2000,,,,,,,,,,,,,,,,,,,,
330000,浙江省,2019,987.3397,0.5171,0.449,286.7839,11.0641,212.3613,31.2307,24.3579,39.6667,14.5986,47.5622,26.7975,35.6162,18.0276,11.2703,3.682,87.6427,51.2784,8.0038,76.4297
330000,浙江省,2018,1013.5324,0.4325,0.4194,289.3362,12.2063,279.9243,30.1129,21.8467,36.8224,13.7956,44.9714,22.4209,29.0834,16.6441,10.1088,2.3981,75.2545,47.4175,7.1104,73.227
330000,浙江省,2017,1054.5037,0.4633,0.4707,315.0247,12.341,288.3413,31.7777,23.0198,38.2562,14.0195,48.453,21.6161,30.1544,18.9584,10.2643,2.5767,74.3304,46.0479,6.687,71.7013
330000,浙江省,2016,1060.9457,0.4262,0.6039,315.9131,11.9614,310.1168,31.527,18.6104,37.6337,13.45,46.3846,20.8787,28.9528,18.6126,10.6459,2.2543,71.4036,44.2875,6.8156,70.4676
330000,浙江省,2015,1083.4078,0.4743,0.6999,330.5956,10.9841,323.417,31.956,17.0607,42.1016,13.495,42.3045,20.0523,27.9102,16.1471,11.5551,2.4795,70.9447,43.7271,7.4117,70.0914
330000,浙江省,2014,1102.6757,0.5613,0.8562,350.5533,13.4227,329.4524,32.6864,16.4351,41.7255,13.8387,37.9631,19.7468,28.4101,16.1018,11.684,2.621,70.0763,41.6306,7.2087,67.7017
330000,浙江省,2013,1071.6126,0.7534,0.9722,357.9485,13.5425,303.2323,31.3698,15.353,40.1941,14.7032,36.3239,17.9474,28.8068,15.9922,11.6694,2.1928,68.4004,39.4496,7.1604,65.6007
330000,浙江省,2012,1070.1227,0.8183,1.3956,372.479,13.2999,294.0726,29.364,14.0702,39.2572,16.3226,36.3777,17.4563,29.2128,17.4846,12.9023,1.999,66.2361,37.3721,6.7442,63.2582
330000,浙江省,2011,995.6677,1.4911,1.5575,376.7476,13.8782,236.7182,27.4113,12.5558,37.8794,18.1447,31.8802,15.2819,27.7104,15.4818,11.908,1.684,63.5116,35.3443,6.5956,59.8861
330000,浙江省,2010,883.6,1.4,1.7,351.7,12.6,180.2,25.2,11.2,31.0,15.6,29.4,13.6,26.0,14.0,10.9,1.6,61.1,32.4,6.2,57.5
330000,浙江省,2009,813.9311,1.4865,1.6593,333.0811,12.4685,155.8483,23.9385,10.03,28.0892,14.9333,27.9838,10.3919,23.9592,10.48,8.3033,1.5821,57.8354,29.8085,5.9083,56.1439
330000,浙江省,2008,741.1957,1.5751,1.5876,319.2328,12.1723,121.7263,22.0742,8.8726,24.6828,14.3125,25.476,9.3059,20.4153,9.5745,7.3527,1.2533,55.9483,28.0639,5.1696,52.4
330000,浙江省,2007,,,,,,,,,,,,,,,,,,,,
330000,浙江省,2006,,,,,,,,,,,,,,,,,,,,
330000,浙江省,2005,,,,,,,,,,,,,,,,,,,,
330000,浙江省,2004,456.57,,,,,,,,,,,,,,,,,,,
330000,浙江省,2003,,,,,,,,,,,,,,,,,,,,
330000,浙江省,2002,,,,,,,,,,,,,,,,,,,,
330000,浙江省,2001,,,,,,,,,,,,,,,,,,,,
330000,浙江省,2000,,,,,,,,,,,,,,,,,,,,
340000,安徽省,2019,581.048,3.1548,14.2775,127.6915,10.411,111.0593,23.7028,9.2564,26.9985,5.7873,23.2291,17.6204,18.3302,10.6239,8.3198,2.1977,69.4866,35.5789,3.7389,59.5834
340000,安徽省,2018,592.3299,3.1171,19.0349,139.5231,10.2702,139.3958,24.518,9.3312,23.0068,6.352,24.0999,14.6706,8.7703,9.3251,6.1224,1.3149,64.0925,32.4585,3.3279,53.5987
340000,安徽省,2017,516.2103,3.7994,20.26,119.7691,10.1956,93.2566,24.2102,8.1924,22.722,5.4129,23.6855,11.1925,7.3576,8.8962,7.0178,1.0032,63.6051,31.4635,3.1916,50.9791
340000,安徽省,2016,517.0531,4.2426,23.0563,122.3624,10.4472,91.7769,22.9305,8.0122,23.1913,5.9484,22.263,10.4582,6.6317,9.0792,7.7947,0.9521,64.5533,30.5457,3.3637,49.4437
340000,安徽省,2015,513.7935,4.3724,27.0442,120.9481,10.3486,92.6497,22.2641,7.6545,23.6454,5.9516,19.1154,10.417,6.2514,9.1748,8.1562,0.8709,64.3548,29.0713,3.2428,48.2603
340000,安徽省,2014,521.7386,4.5149,31.3318,122.6224,10.8415,97.0835,21.7155,7.3792,23.44,5.9848,17.6627,10.3962,6.0156,9.5837,8.1613,0.9458,64.7092,28.1553,3.3561,47.8391
340000,安徽省,2013,519.6698,4.9105,33.1031,120.4329,11.9807,99.6751,22.0051,6.2069,22.5593,5.7923,17.2355,9.376,7.0975,8.3257,7.755,0.8954,63.6541,27.1532,3.3778,48.1337
340000,安徽省,2012,436.8291,5.3814,34.6114,90.9353,9.8776,69.9418,16.3223,4.5481,15.9247,4.3362,16.8299,6.9098,3.6761,8.2104,8.0841,0.5635,63.2551,25.321,3.5859,48.5145
340000,安徽省,2011,411.5517,5.9674,34.0343,85.5255,9.7528,58.4263,16.7013,4.3665,15.514,3.937,16.0433,6.1461,4.8457,7.5487,7.2045,0.4589,61.6223,23.1028,3.2891,47.0652
340000,安徽省,2010,372.9,6.1,32.1,76.0,9.6,42.1,15.1,3.8,14.0,3.7,14.7,4.9,4.6,6.7,6.4,0.5,60.5,22.0,3.4,46.7
340000,安徽省,2009,359.8568,6.2454,30.3042,70.6086,9.4288,40.6961,14.7374,3.7374,13.4576,3.7369,14.5353,4.3543,4.327,6.0046,6.5458,0.5711,59.5637,21.5372,3.3199,46.1455
340000,安徽省,2008,343.7174,7.4597,29.254,67.3032,9.8228,34.2104,14.7974,3.4686,13.7617,3.0971,13.0866,3.3345,5.1577,5.6334,6.3494,0.4714,58.6766,19.6,3.536,44.6969
340000,安徽省,2007,,,,,,,,,,,,,,,,,,,,
340000,安徽省,2006,,,,,,,,,,,,,,,,,,,,
340000,安徽省,2005,,,,,,,,,,,,,,,,,,,,
340000,安徽省,2004,,,,,,,,,,,,,,,,,,,,
340000,安徽省,2003,,,,,,,,,,,,,,,,,,,,
340000,安徽省,2002,,,,,,,,,,,,,,,,,,,,
340000,安徽省,2001,,,,,,,,,,,,,,,,,,,,
340000,安徽省,2000,,,,,,,,,,,,,,,,,,,,
350000,福建省,2019,639.5845,1.4847,1.3991,170.7936,11.3779,163.6852,22.8697,10.7821,24.7294,9.1868,25.1568,17.3543,19.8956,7.8782,6.9203,3.4723,60.7427,25.7549,4.1867,51.9142
350000,福建省,2018,705.3568,3.5783,1.3254,213.6479,11.5061,197.0155,23.038,12.2669,29.5491,11.0633,20.0338,17.1106,18.6322,7.7208,5.6992,3.1426,54.6744,23.7633,4.341,47.2484
350000,福建省,2017,672.4839,4.2353,1.987,213.1199,8.7224,176.7182,23.9153,10.8489,28.7293,9.9713,20.8204,15.6379,16.2753,7.799,5.8391,3.7932,53.0724,23.9755,4.3439,42.6796
350000,福建省,2016,668.8257,4.3384,2.0674,228.2819,9.0596,168.5408,23.4009,9.1104,27.8203,9.7672,19.5733,15.6043,14.4909,8.7225,5.6246,2.7023,52.143,22.8475,4.2166,40.5138
350000,福建省,2015,663.079,4.4826,2.5034,235.4738,9.0304,162.9349,24.5012,8.9967,28.3603,9.7973,17.8754,15.2905,12.5623,8.5735,5.5336,1.7775,50.3291,21.5596,4.3091,39.1878
350000,福建省,2014,654.6406,4.5228,2.5258,245.289,9.084,154.7528,24.0407,7.0972,26.9955,9.9258,16.4797,14.321,11.7123,8.4804,5.7716,1.4909,50.0916,20.9681,4.0496,37.0418
350000,福建省,2013,644.0257,4.5443,2.7679,252.5538,8.8735,146.1936,24.3483,6.9597,26.3668,9.8117,15.1274,12.6067,11.4253,7.7321,5.4794,1.355,48.2251,19.7517,3.9663,35.9371
350000,福建省,2012,637.8556,4.8172,5.3174,292.3783,9.4754,121.6984,18.6432,5.3301,24.25,9.4038,14.7544,10.1843,5.9998,6.5357,5.0016,1.3882,46.6851,18.1116,3.5522,34.3289
350000,福建省,2011,596.3333,6.0972,6.9121,282.9838,9.532,99.9451,17.8677,5.4282,20.127,8.738,13.5976,9.1057,6.6038,5.7105,4.7316,1.3135,46.0544,17.1383,3.7982,30.6486
350000,福建省,2010,507.1,6.7,4.8,241.2,9.2,62.4,16.7,4.6,13.9,7.6,12.9,9.0,12.3,5.4,4.4,1.4,44.7,15.7,3.7,30.4
350000,福建省,2009,473.9605,6.8444,5.1007,226.4122,9.6043,51.9644,16.1943,4.0923,13.1197,6.1131,12.1587,8.7748,10.4289,4.7867,4.4403,1.5055,43.7276,15.2273,3.6643,29.801
350000,福建省,2008,458.6928,6.6667,4.8231,223.769,9.456,45.0131,15.9167,3.8575,12.3383,5.6266,10.9572,7.2352,10.9969,4.5428,4.1886,1.4902,44.2982,14.2133,3.7564,29.547
350000,福建省,2007,,,,,,,,,,,,,,,,,,,,
350000,福建省,2006,,,,,,,,,,,,,,,,,,,,
350000,福建省,2005,,,,,,,,,,,,,,,,,,,,
350000,福建省,2004,377.68,,,,,,,,,,,,,,,,,,,
350000,福建省,2003,,,,,,,,,,,,,,,,,,,,
350000,福建省,2002,,,,,,,,,,,,,,,,,,,,
350000,福建省,2001,,,,,,,,,,,,,,,,,,,,
350000,福建省,2000,,,,,,,,,,,,,,,,,,,,
360000,江西省,2019,451.7245,2.1353,3.0402,107.5153,9.425,83.4108,18.3204,5.4661,15.9695,3.5608,20.2209,9.4151,7.2558,6.3819,5.0664,0.883,60.0572,28.0304,3.0167,62.5537
360000,江西省,2018,435.7431,3.7538,3.1404,106.4654,9.0128,86.9585,18.9897,5.5363,15.1613,3.3111,14.3764,7.994,5.7802,6.1402,5.801,0.709,55.6342,26.1154,2.9236,57.9398
360000,江西省,2017,463.5409,4.2538,4.5907,130.971,9.2428,87.6903,20.5494,6.2728,17.8055,4.2415,13.2636,7.1111,6.468,6.2268,7.6784,1.1028,53.4426,25.8525,3.4043,53.373
360000,江西省,2016,471.472,4.4573,5.7787,141.7538,9.3092,90.3979,20.2987,5.5967,17.3184,4.2621,13.0064,6.7068,5.3511,6.1517,7.127,0.9908,51.9625,24.7726,4.2201,52.0102
360000,江西省,2015,480.4947,4.901,7.2117,138.237,14.1223,91.9151,21.1666,6.7028,18.1054,4.421,12.5759,6.3593,5.2008,5.7064,7.6877,0.9795,55.7972,24.5125,3.7789,51.1136
360000,江西省,2014,465.2616,5.1562,7.7688,133.5144,14.2956,94.4074,20.7779,7.1548,17.6041,4.0841,12.1773,5.7252,4.7074,5.5378,7.1048,0.816,50.9344,21.5115,3.0291,48.9548
360000,江西省,2013,445.0069,5.5802,8.3298,125.8497,13.1941,91.3309,21.2442,6.3475,15.5961,4.693,11.2662,5.4294,5.5354,5.6714,7.3794,0.5679,45.7603,19.6605,3.3092,48.2617
360000,江西省,2012,385.7934,11.6386,10.1209,102.0243,10.5199,66.6329,12.8752,4.3445,16.6946,4.2521,10.6257,4.4548,2.9438,5.4343,5.8985,0.5891,44.2133,21.1067,3.8742,47.55
360000,江西省,2011,344.3984,10.8456,8.9664,87.7764,10.2643,49.5304,13.963,3.2151,13.0583,3.3249,10.8882,3.6015,3.4524,5.5156,5.3769,0.4995,47.7854,17.3707,2.861,46.1028
360000,江西省,2010,297.4,12.1,9.0,71.6,9.5,29.4,15.3,3.3,7.9,1.6,10.5,2.1,2.9,5.1,5.6,0.5,47.6,16.8,3.2,43.5
360000,江西省,2009,289.6259,12.694,8.4838,68.0148,9.5753,27.4292,15.624,3.614,8.334,1.8004,9.9777,2.0257,2.7224,4.9582,5.1135,0.4836,46.7047,16.0294,3.1703,42.8709
360000,江西省,2008,289.2325,13.735,10.0909,70.1868,8.7328,25.2495,16.3269,2.9312,8.864,1.9046,8.9035,2.0766,4.4701,4.9344,5.1095,0.4877,45.1331,15.156,3.2722,41.6677
360000,江西省,2007,,,,,,,,,,,,,,,,,,,,
360000,江西省,2006,,,,,,,,,,,,,,,,,,,,
360000,江西省,2005,,,,,,,,,,,,,,,,,,,,
360000,江西省,2004,271.4,,,,,,,,,,,,,,,,,,,
360000,江西省,2003,,,,,,,,,,,,,,,,,,,,
360000,江西省,2002,,,,,,,,,,,,,,,,,,,,
360000,江西省,2001,,,,,,,,,,,,,,,,,,,,
360000,江西省,2000,,,,,,,,,,,,,,,,,,,,
370000,山东省,2019,1072.0031,1.2003,29.7468,271.7305,27.926,150.4759,44.65,17.3099,46.72,11.6374,55.6364,25.9873,22.8604,18.1539,17.8065,3.3423,121.3782,70.5907,6.8575,127.9931
370000,山东省,2018,1128.9538,0.7136,40.2933,341.8626,25.6284,159.0959,47.5862,18.0143,49.8933,12.3434,46.462,25.3243,17.6609,17.2828,20.4415,2.9144,112.9595,65.7289,7.0962,117.6523
370000,山东省,2017,1192.944,1.3845,51.3391,383.2194,26.0819,159.9466,47.6881,18.8821,52.6874,14.0614,46.1369,26.0729,21.8321,18.3236,18.0512,3.1342,116.6027,64.2063,7.1174,116.1762
370000,山东省,2016,1215.456,1.5625,57.381,403.2137,23.0937,160.3341,49.3858,18.2471,57.0855,14.2149,45.4491,26.753,20.6966,17.7964,17.5967,3.2264,117.1795,62.4603,7.0043,112.7754
370000,山东省,2015,1236.7153,1.6817,64.5096,417.5431,23.4703,163.68,48.3949,17.4352,59.8943,14.037,41.5604,26.0826,21.4938,17.9784,18.2523,3.1072,117.1801,60.6898,6.9688,112.7558
370000,山东省,2014,1266.3392,1.6527,71.1535,425.7505,23.7192,177.5076,49.7497,16.9694,62.8241,15.5794,38.8285,25.5766,21.5537,18.4178,16.751,3.1405,120.3473,58.686,7.135,110.9967
370000,山东省,2013,1290.5996,1.7962,74.6032,437.1586,23.8516,188.6478,50.6405,17.5437,67.2577,19.2581,34.7552,23.6862,20.8205,16.8827,14.928,3.2774,120.0518,56.1548,7.2039,112.0817
370000,山东省,2012,1110.1706,2.7503,78.8229,394.977,21.0364,136.8363,37.3826,9.1302,48.9339,15.2025,32.7436,15.8165,11.5348,12.4222,12.5086,3.9446,109.8223,49.6009,6.8831,109.8219
370000,山东省,2011,1050.4433,4.783,73.4199,372.2442,20.8032,121.9431,35.661,8.3677,48.2089,13.6045,34.6174,13.3691,10.3427,10.7541,11.9883,3.5835,107.9198,46.4129,6.5891,105.8309
370000,山东省,2010,956.2,5.1,66.8,346.4,20.4,80.3,34.7,6.6,38.2,11.0,33.2,11.4,11.9,11.0,11.6,3.5,109.1,43.5,6.7,105.0
370000,山东省,2009,922.2588,5.1682,63.0909,337.2251,20.5132,70.4565,33.2476,6.2031,40.4239,11.6516,32.8027,9.3545,11.733,10.0386,11.1361,3.3499,105.9537,40.3966,6.4063,103.1073
370000,山东省,2008,901.4465,5.2225,62.0742,340.1231,19.875,65.7091,30.7275,5.7695,36.5769,11.5263,29.3492,8.4107,11.2591,8.8917,11.3461,3.4548,105.8407,38.779,6.0068,100.5043
370000,山东省,2007,,,,,,,,,,,,,,,,,,,,
370000,山东省,2006,,,,,,,,,,,,,,,,,,,,
370000,山东省,2005,,,,,,,,,,,,,,,,,,,,
370000,山东省,2004,,,,,,,,,,,,,,,,,,,,
370000,山东省,2003,,,,,,,,,,,,,,,,,,,,
370000,山东省,2002,,,,,,,,,,,,,,,,,,,,
370000,山东省,2001,,,,,,,,,,,,,,,,,,,,
370000,山东省,2000,,,,,,,,,,,,,,,,,,,,
410000,河南省,2019,967.9689,2.0638,29.6008,222.079,23.5358,153.0621,41.1917,16.6283,36.8204,7.7918,29.5124,28.0112,26.4078,17.5704,13.5669,2.7419,121.4592,66.0548,6.7773,123.0933
410000,河南省,2018,967.3441,1.3526,34.2128,233.3621,24.4761,169.4384,39.2692,12.8302,36.7302,7.91,28.1913,23.4795,16.3675,13.9643,13.4124,2.2172,119.5289,62.6353,7.1146,120.8515
410000,河南省,2017,1129.3483,1.826,40.2855,353.2353,25.7234,170.3341,45.173,13.2086,51.354,10.3916,29.6542,26.8183,19.5668,17.1205,13.5705,3.3926,124.5243,59.9141,7.7473,115.5082
410000,河南省,2016,1144.9919,2.0827,45.1781,363.2567,26.1791,173.3718,45.8357,12.1649,56.1294,10.9991,29.9962,23.1375,18.1284,17.7763,13.0455,3.1206,124.5544,58.4493,7.7922,113.794
410000,河南省,2015,1125.8524,2.5258,51.6407,352.884,25.3207,178.8292,45.2694,10.4292,54.9146,11.2724,24.3547,21.1651,16.1105,17.1527,13.5179,2.7051,124.9991,55.2176,7.8237,109.72
410000,河南省,2014,1108.894,5.0902,56.3443,337.1025,25.5263,189.6092,44.4852,9.7236,53.2606,11.245,23.9776,18.3979,15.0673,16.3859,13.198,2.3911,119.0488,50.0183,7.4701,110.5521
410000,河南省,2013,1075.9866,5.186,62.5749,312.6681,24.5582,189.4751,43.6185,9.4622,52.6618,11.8169,24.1291,15.7641,12.4877,14.8175,12.4356,1.9926,116.9195,48.4395,8.5062,108.4731
410000,河南省,2012,881.1826,5.8276,63.0007,218.2526,22.4991,125.5783,30.8906,6.3358,42.5923,10.1005,23.3242,13.1032,11.2912,13.1169,13.1293,1.5968,118.9032,46.1225,7.1197,108.3981
410000,河南省,2011,839.0882,7.2511,63.669,193.8204,21.4574,116.0597,30.2415,5.8671,42.7339,10.5343,23.8102,11.6381,11.1354,12.2544,12.8887,1.9221,117.3951,43.2114,7.092,106.1064
410000,河南省,2010,751.7,7.1,52.6,158.8,21.1,93.7,29.1,4.9,38.2,9.9,22.6,9.0,11.3,11.5,12.2,1.9,114.1,40.8,7.0,105.7
410000,河南省,2009,734.7305,6.9663,53.3243,154.7755,20.6703,87.3204,28.7767,5.2037,38.8816,9.5304,22.0203,8.5703,12.0514,11.0772,11.5365,1.7706,112.5064,38.8513,7.1015,103.7958
410000,河南省,2008,714.4159,7.942,50.334,153.6464,20.4282,80.6406,29.419,3.9947,41.0099,9.0713,21.4906,6.9193,12.3821,11.9469,11.6049,1.6674,109.7802,36.1694,7.1637,98.8053
410000,河南省,2007,,,,,,,,,,,,,,,,,,,,
410000,河南省,2006,,,,,,,,,,,,,,,,,,,,
410000,河南省,2005,,,,,,,,,,,,,,,,,,,,
410000,河南省,2004,,,,,,,,,,,,,,,,,,,,
410000,河南省,2003,,,,,,,,,,,,,,,,,,,,
410000,河南省,2002,,,,,,,,,,,,,,,,,,,,
410000,河南省,2001,,,,,,,,,,,,,,,,,,,,
410000,河南省,2000,,,,,,,,,,,,,,,,,,,,
420000,湖北省,2019,653.7565,8.999,4.0208,134.2883,14.6028,119.6865,30.9869,18.0833,36.9327,8.837,20.2045,17.7026,17.7327,16.9692,11.7521,2.5269,70.5748,41.6712,5.8967,72.2885
420000,湖北省,2018,653.3495,9.7245,4.5221,140.0839,15.0985,124.5703,34.8065,13.5036,36.7713,8.2964,19.9345,16.379,13.4471,15.7673,11.5391,1.6508,69.2991,43.8088,6.7431,67.4036
420000,湖北省,2017,695.0178,10.3399,5.5124,168.3952,15.7154,133.779,35.3677,12.7373,39.0629,9.3575,21.5371,16.1531,10.9955,15.4173,11.155,1.5115,71.3927,44.3352,7.1928,65.0603
420000,湖北省,2016,719.3163,10.2999,6.4931,186.0597,16.3792,140.3585,34.968,12.3274,39.723,9.3548,20.9698,14.8977,10.5136,15.8489,11.4037,1.4343,72.9414,43.4794,6.4532,65.4107
420000,湖北省,2015,712.333,9.2051,7.0793,189.4208,16.3051,138.5035,34.4077,11.4659,39.3599,9.9496,19.4686,13.1236,8.9727,16.2804,11.3521,1.5578,73.872,41.8036,6.3056,63.8997
420000,湖北省,2014,706.7956,9.263,7.7842,193.331,16.6121,144.1509,34.4273,10.5357,40.2905,10.6062,17.9869,12.3581,9.3731,15.1705,10.3565,1.5851,69.3559,38.5985,5.6928,59.3173
420000,湖北省,2013,696.5121,9.0963,8.9496,190.8595,18.1323,140.3952,33.1914,9.0969,41.7166,12.1907,17.32,11.9695,8.9918,15.1167,9.3377,1.6674,68.1454,37.2202,5.5686,57.5463
420000,湖北省,2012,598.0034,9.7064,11.9741,160.5899,18.1825,97.0679,24.3822,5.6419,30.1322,9.2495,16.3344,9.9606,6.1644,13.4697,9.7879,1.482,71.8458,34.2216,6.3476,61.4628
420000,湖北省,2011,586.0529,9.3796,12.9826,168.2169,17.816,103.1389,25.5756,5.644,27.3513,8.1947,15.761,8.1105,4.4646,11.6088,8.9894,1.5259,65.9129,31.3491,5.3513,54.6798
420000,湖北省,2010,510.3,13.8,9.9,138.5,11.9,72.5,25.4,4.5,21.5,7.7,16.1,6.6,5.1,10.8,8.9,1.2,65.7,30.1,5.1,55.0
420000,湖北省,2009,487.0826,15.788,8.8073,118.5083,11.9904,69.8228,31.829,4.6199,20.1409,6.6029,15.8556,5.7341,4.5963,10.6541,8.3904,1.2384,64.647,27.8232,5.0981,54.9359
420000,湖北省,2008,470.2542,17.7224,10.072,112.4508,12.3635,61.723,32.2127,4.1152,19.2328,6.3152,14.1385,4.6976,4.7899,10.0693,8.4246,1.4836,64.5106,26.7252,4.8509,54.3564
420000,湖北省,2007,,,,,,,,,,,,,,,,,,,,
420000,湖北省,2006,,,,,,,,,,,,,,,,,,,,
420000,湖北省,2005,,,,,,,,,,,,,,,,,,,,
420000,湖北省,2004,,,,,,,,,,,,,,,,,,,,
420000,湖北省,2003,,,,,,,,,,,,,,,,,,,,
420000,湖北省,2002,,,,,,,,,,,,,,,,,,,,
420000,湖北省,2001,,,,,,,,,,,,,,,,,,,,
420000,湖北省,2000,,,,,,,,,,,,,,,,,,,,
430000,湖南省,2019,596.6972,1.3519,4.995,94.3008,15.1016,105.0239,25.9488,8.141,21.6982,6.2874,35.6776,14.0727,13.8981,13.353,9.5226,2.3016,84.0888,45.9319,6.1982,88.8041
430000,湖南省,2018,546.2735,2.1663,5.3397,95.2652,14.863,106.8197,21.8832,6.7925,20.2375,6.2689,27.6451,12.4597,9.8002,11.1786,8.2604,1.4763,67.6239,41.0861,5.5125,81.5947
430000,湖南省,2017,565.745,2.5374,7.1491,109.0427,15.7411,110.2074,23.4487,6.9322,19.3409,6.8249,26.7211,12.6582,10.3256,11.4194,7.3344,1.5048,66.9407,40.3019,5.6603,81.6542
430000,湖南省,2016,568.4068,2.1088,8.1486,109.288,16.6248,108.7414,23.9892,7.4037,20.2351,7.4396,25.3367,12.154,9.8775,11.7432,8.1784,1.695,67.733,39.3986,5.6584,82.6528
430000,湖南省,2015,579.1451,2.378,10.2625,121.7533,17.3191,106.2766,24.4052,7.2408,21.2626,8.343,24.0419,12.357,9.8431,11.5434,8.3879,1.6648,67.2486,37.4996,5.4695,81.8482
430000,湖南省,2014,597.9045,2.2389,12.5879,130.6525,16.5349,107.9229,25.1949,7.6234,20.6987,8.496,22.3754,11.951,9.0611,12.924,9.4958,1.7631,73.669,38.1088,5.2653,81.3409
430000,湖南省,2013,600.9912,2.282,15.4984,134.2319,16.6432,107.3926,24.5341,7.319,23.3409,9.5422,21.2003,11.1602,8.9867,12.3505,9.5553,1.886,72.1568,36.3808,5.0505,81.4798
430000,湖南省,2012,567.4859,2.417,15.1897,128.1843,15.6673,94.6016,23.6033,7.052,18.747,9.5143,20.7382,9.9429,8.7608,9.4727,9.6655,1.5144,71.9767,34.7902,4.951,80.697
430000,湖南省,2011,551.4335,5.3817,15.3472,129.0418,14.3111,87.3375,23.157,6.8597,17.3261,9.0557,20.36,9.2819,8.6753,8.4832,8.9388,1.6697,71.4677,32.8535,5.2171,76.6685
430000,湖南省,2010,505.7,5.3,15.4,106.2,12.2,75.6,21.0,5.7,16.3,9.0,18.6,9.7,8.4,8.3,8.7,1.5,70.2,31.1,4.6,78.0
430000,湖南省,2009,481.0173,5.1569,15.0109,98.7284,11.5935,71.6541,21.7596,4.939,15.8584,8.2786,17.2812,8.2745,7.2505,7.5822,8.2019,1.3259,68.3491,29.0442,4.3034,76.425
430000,湖南省,2008,454.6918,9.1436,13.2099,91.1491,11.5208,66.9178,22.3652,5.1944,15.0026,7.9119,16.3597,7.7499,5.734,6.8027,7.9626,1.1298,68.318,26.4685,4.387,67.3643
430000,湖南省,2007,,,,,,,,,,,,,,,,,,,,
430000,湖南省,2006,,,,,,,,,,,,,,,,,,,,
430000,湖南省,2005,,,,,,,,,,,,,,,,,,,,
430000,湖南省,2004,,,,,,,,,,,,,,,,,,,,
430000,湖南省,2003,,,,,,,,,,,,,,,,,,,,
430000,湖南省,2002,,,,,,,,,,,,,,,,,,,,
430000,湖南省,2001,,,,,,,,,,,,,,,,,,,,
430000,湖南省,2000,,,,,,,,,,,,,,,,,,,,
440000,广东省,2019,2064.5877,2.3974,1.7478,835.8409,25.7061,132.7743,82.5844,66.2368,114.7228,40.6078,84.3755,85.9619,112.5514,47.2907,18.0497,12.9351,162.3588,82.9139,13.4073,142.1251
440000,广东省,2018,1994.1369,4.12,2.1791,882.4778,27.9553,169.0284,86.4093,60.7831,107.8159,40.6566,61.2993,77.0681,78.7959,37.831,18.6335,10.6778,130.144,67.878,10.5332,119.8506
440000,广东省,2017,1963.1016,4.5941,2.4535,929.3607,29.9182,154.2107,83.3312,49.8638,102.6534,36.52,48.8928,66.3147,76.1055,33.8641,17.2419,8.9551,127.4604,65.8223,11.45,114.0892
440000,广东省,2016,1957.5687,4.7749,2.7882,959.6959,31.2727,143.2627,81.1332,43.5099,102.7835,37.0486,51.8184,61.8253,71.1755,32.2682,16.857,7.7464,125.6021,63.484,11.7919,108.7303
440000,广东省,2015,1948.0394,5.2841,3.0225,981.0051,30.7096,141.5548,82.7938,35.312,96.8168,37.1189,46.0716,59.0938,64.6839,34.7323,17.4054,7.4388,125.5092,61.3293,11.6093,106.5482
440000,广东省,2014,1973.2796,5.6702,2.9903,1015.1605,30.8037,149.4063,85.3999,34.634,95.8407,37.0551,43.1507,55.8406,60.6066,31.9277,17.2821,7.4861,124.4966,59.6787,11.5244,104.3254
440000,广东省,2013,1966.9811,6.1724,2.9402,1020.2491,32.1821,162.2781,83.3076,33.2575,95.5253,39.3419,43.3282,52.4731,55.7825,29.5214,16.2777,7.2523,118.6341,55.9297,10.865,101.6629
440000,广东省,2012,1303.9847,7.2251,3.4437,540.938,20.08,107.5838,61.7985,18.5936,64.9729,32.2825,47.5908,34.8584,37.0268,21.2508,14.306,5.8402,117.6919,56.1089,9.4666,102.9262
440000,广东省,2011,1238.2227,8.2179,3.2113,518.9655,19.8558,92.6834,61.8479,19.7352,55.5792,28.9944,46.0858,33.3786,31.7292,18.5838,14.3759,6.8332,116.1225,53.8938,9.1995,98.9298
440000,广东省,2010,1118.5,8.8,3.4,476.7,18.8,64.4,56.1,17.6,42.6,25.2,41.2,29.0,30.1,18.1,14.0,6.4,112.3,50.3,9.4,94.2
440000,广东省,2009,1055.0322,9.1964,3.3348,443.4591,18.5085,63.1542,53.5351,16.7264,40.7583,23.7172,37.4885,26.0846,28.5329,15.4053,13.6053,5.9424,109.0172,46.2753,8.9515,91.3392
440000,广东省,2008,1007.8705,9.8922,3.4321,416.4723,18.5354,59.5859,49.2708,16.2076,40.8375,24.1281,35.483,24.0886,26.9402,15.0784,13.2664,5.4404,105.7211,44.0303,8.9057,90.5545
440000,广东省,2007,,,,,,,,,,,,,,,,,,,,
440000,广东省,2006,,,,,,,,,,,,,,,,,,,,
440000,广东省,2005,,,,,,,,,,,,,,,,,,,,
440000,广东省,2004,,,,,,,,,,,,,,,,,,,,
440000,广东省,2003,,,,,,,,,,,,,,,,,,,,
440000,广东省,2002,,,,,,,,,,,,,,,,,,,,
440000,广东省,2001,,,,,,,,,,,,,,,,,,,,
440000,广东省,2000,,,,,,,,,,,,,,,,,,,,
450000,广西壮族自治区,2019,404.1163,5.4293,1.3677,49.9975,10.0094,71.8537,19.0555,4.5243,12.9596,4.3678,19.5976,9.0944,11.2717,7.3981,7.3613,0.9913,68.703,35.3294,3.1996,61.6051
450000,广西壮族自治区,2018,386.7796,5.8941,2.9697,52.9696,10.1641,66.7752,18.8005,4.9399,12.4536,4.4239,15.583,7.8301,11.7887,7.096,7.0581,0.6958,63.1442,33.4868,3.1611,57.5452
450000,广西壮族自治区,2017,398.026,7.2575,3.4253,66.8708,11.7905,65.1386,19.0175,4.0165,12.7344,4.441,14.6658,7.8815,10.7708,8.3177,7.9014,0.7067,62.4407,33.314,3.3127,54.0226
450000,广西壮族自治区,2016,401.3895,7.8057,3.1114,72.4268,13.744,64.8694,19.4274,4.2259,13.5124,4.5976,14.2951,7.9589,9.9695,8.8998,8.516,0.7417,61.8322,31.6696,3.2498,50.5363
450000,广西壮族自治区,2015,405.4108,8.1813,2.9982,76.2085,13.8609,65.1566,20.034,4.3516,13.3996,4.782,13.2711,7.93,11.2055,9.5401,9.328,0.7798,62.0345,30.7328,3.3718,48.2445
450000,广西壮族自治区,2014,401.4584,8.2798,3.7971,78.196,14.0576,60.9645,20.9094,4.458,13.2932,5.0128,11.762,7.9528,11.074,9.7686,9.5895,0.8167,61.8583,29.8874,3.3603,46.4204
450000,广西壮族自治区,2013,402.9943,9.1409,4.3566,80.8122,14.7388,60.863,21.2419,5.236,14.075,5.4101,11.5919,7.7624,9.8458,9.3828,9.6035,0.5732,61.8283,28.0245,3.3188,45.1886
450000,广西壮族自治区,2012,357.9829,9.926,5.2832,71.861,9.8378,42.5239,18.4799,4.4284,12.8422,4.76,11.6635,5.3961,8.9188,9.348,8.84,0.74,60.8406,26.0128,3.2862,42.9945
450000,广西壮族自治区,2011,341.6335,10.8302,4.7463,67.7898,9.2084,38.7018,18.4347,4.2085,12.8162,4.3156,11.0066,4.9458,9.337,7.6324,8.0985,0.8174,60.21,24.73,3.3362,40.4681
450000,广西壮族自治区,2010,316.7,10.8,4.4,62.5,9.0,30.5,18.0,3.6,11.9,4.3,9.8,4.3,8.9,7.0,7.4,0.8,58.1,22.9,3.2,39.4
450000,广西壮族自治区,2009,301.4152,10.9642,4.3386,59.2296,8.811,27.5516,17.517,3.5333,11.5863,4.4798,9.3953,3.7307,8.2906,6.3988,6.885,0.711,56.1241,20.8482,3.1185,37.9016
450000,广西壮族自治区,2008,292.8091,12.1342,5.4231,58.4381,8.5147,23.5635,17.4922,3.3099,11.816,4.4627,8.7855,3.5888,7.0345,5.9597,6.3993,0.6714,55.7955,19.3487,3.0879,36.9834
450000,广西壮族自治区,2007,,,,,,,,,,,,,,,,,,,,
450000,广西壮族自治区,2006,,,,,,,,,,,,,,,,,,,,
450000,广西壮族自治区,2005,,,,,,,,,,,,,,,,,,,,
450000,广西壮族自治区,2004,276.2021,,,,,,,,,,,,,,,,,,,
450000,广西壮族自治区,2003,,,,,,,,,,,,,,,,,,,,
450000,广西壮族自治区,2002,,,,,,,,,,,,,,,,,,,,
450000,广西壮族自治区,2001,,,,,,,,,,,,,,,,,,,,
450000,广西壮族自治区,2000,,,,,,,,,,,,,,,,,,,,
460000,海南省,2019,102.1915,2.9276,0.456,7.2665,2.1938,6.15,7.2898,2.1825,5.6217,5.537,5.136,8.1636,3.0901,2.1407,3.576,0.7316,14.3988,7.3125,1.3417,16.6756
460000,海南省,2018,99.5797,3.9491,0.4552,7.2113,2.1594,5.7255,7.6296,2.1986,5.4788,6.0546,4.9974,8.5894,2.0155,2.0101,3.6373,0.4099,13.102,6.8783,1.3509,15.7268
460000,海南省,2017,100.8637,5.5792,0.5008,7.7959,2.1496,6.2559,7.0685,1.9239,5.7344,5.893,4.7517,9.1608,2.0033,2.047,3.3548,0.5141,13.1934,6.6688,1.3106,14.958
460000,海南省,2016,101.1824,7.5956,0.5326,8.1172,2.336,7.1041,6.9683,1.6216,5.796,6.0095,4.2603,8.3545,1.9421,2.1153,3.0949,0.4397,13.0932,6.25,1.2513,14.3002
460000,海南省,2015,100.3565,8.8088,0.6362,8.8127,2.3918,6.9072,6.5287,1.5329,5.6181,5.9528,4.0956,7.6967,2.1137,2.1598,2.9481,0.5252,12.9682,5.9293,1.1639,13.5668
460000,海南省,2014,101.521,10.3624,0.6955,9.7031,2.2669,7.3155,5.4286,1.5648,5.9403,6.4923,3.4324,7.3708,2.4874,2.19,2.7954,0.4309,12.9181,5.7227,1.2352,13.1687
460000,海南省,2013,98.758,4.7698,0.7946,10.6098,2.2146,7.6903,5.4404,1.2996,12.8096,6.7659,2.7838,5.8401,2.0019,2.0294,3.0572,0.3651,12.4559,5.3092,1.2624,11.2584
460000,海南省,2012,90.079,11.9028,0.9792,9.4934,2.1191,5.9515,4.5144,0.9968,5.3711,6.2179,2.766,4.2436,1.9762,1.7311,2.565,0.218,12.2746,4.8455,1.1226,10.7902
460000,海南省,2011,85.1269,11.8336,0.9974,8.3665,1.9819,5.5839,4.6314,0.9748,4.4003,5.1949,2.401,3.4864,2.3542,1.61,2.1679,0.3906,12.4778,4.4528,1.2265,10.595
460000,海南省,2010,81.3,12.3,0.9,8.0,2.0,6.8,4.3,0.7,3.5,4.4,2.1,3.2,2.2,1.7,2.2,0.3,11.8,4.1,1.2,9.7
460000,海南省,2009,79.3202,14.568,0.8965,7.5417,1.89,6.2396,4.2353,0.6886,3.1896,3.9964,1.9616,2.4282,2.0568,1.5525,2.0148,0.1752,11.1839,3.8248,1.3709,9.5058
460000,海南省,2008,76.789,16.7203,0.8983,7.2975,1.8215,4.9441,4.1683,0.6345,2.8362,3.8045,1.9433,2.2014,1.9823,1.4947,2.0465,0.1142,10.1916,3.4848,1.1705,9.0345
460000,海南省,2007,,,,,,,,,,,,,,,,,,,,
460000,海南省,2006,,,,,,,,,,,,,,,,,,,,
460000,海南省,2005,,,,,,,,,,,,,,,,,,,,
460000,海南省,2004,,,,,,,,,,,,,,,,,,,,
460000,海南省,2003,,,,,,,,,,,,,,,,,,,,
460000,海南省,2002,,,,,,,,,,,,,,,,,,,,
460000,海南省,2001,,,,,,,,,,,,,,,,,,,,
460000,海南省,2000,,,,,,,,,,,,,,,,,,,,
500000,重庆市,2019,374.4194,0.6719,3.0832,64.5231,6.1662,78.6599,21.4978,4.736,22.2986,4.4703,20.6355,13.7469,14.2933,7.587,4.0584,0.9957,45.5633,20.9404,2.7473,37.7446
500000,重庆市,2018,391.2033,0.8708,4.127,79.8603,6.0683,88.8782,22.5476,4.8845,19.4456,5.9833,14.0797,14.5905,14.3484,8.2143,5.8273,1.4865,41.9888,20.3456,2.8488,34.8078
500000,重庆市,2017,406.3869,1.1669,4.0503,83.7781,6.4709,97.7401,27.0137,4.7844,19.4727,6.0656,14.396,13.8819,13.3035,8.2186,6.8184,1.4264,41.7137,20.2619,3.1754,32.6484
500000,重庆市,2016,412.8823,1.1016,5.6272,89.2939,6.4303,100.1775,26.4857,4.5809,20.6607,6.3535,13.9834,13.014,12.5698,8.0907,6.5275,1.538,41.8335,19.7187,2.913,31.9824
500000,重庆市,2015,415.6089,1.1738,7.348,90.1939,6.6811,101.5098,27.121,4.6672,22.1155,6.3368,13.2803,12.5159,12.1601,7.9574,6.3996,1.4722,41.2237,18.9601,2.8794,31.6131
500000,重庆市,2014,414.473,1.1762,8.986,89.2655,7.0237,103.8066,27.2819,4.65,22.825,6.7529,13.2123,12.3851,12.0644,7.6595,5.4971,1.4771,40.7212,17.8272,2.6203,29.241
500000,重庆市,2013,402.0214,1.1396,10.135,86.4299,6.9789,103.6407,26.0834,4.892,22.0882,7.0802,13.1173,10.1117,10.8525,6.3594,5.0051,1.3378,39.0685,16.198,2.6175,28.8857
500000,重庆市,2012,353.1876,1.2924,10.3873,82.2507,7.4994,85.1617,15.7561,3.9429,19.8069,7.1293,13.0264,7.8198,6.1238,5.6553,4.6405,0.9336,37.0584,13.5236,2.6375,28.542
500000,重庆市,2011,337.2005,1.5911,10.4023,79.6169,6.8967,82.8172,15.1498,3.9394,16.3942,7.1242,11.4984,7.2546,5.7052,5.1159,4.1576,0.8755,36.6004,12.8491,2.6129,26.5991
500000,重庆市,2010,266.4,1.9,9.4,62.5,6.6,48.0,14.3,2.9,11.1,4.3,10.7,5.6,5.3,5.5,3.7,0.9,35.0,11.6,2.6,24.6
500000,重庆市,2009,248.7504,1.7084,9.5343,57.4146,6.4215,43.3209,13.4554,2.5462,11.1757,4.2483,9.7491,4.8761,4.3005,5.3852,3.3766,0.7735,33.7812,10.8879,2.4353,23.3597
500000,重庆市,2008,241.7349,1.8319,9.2029,55.9674,6.4738,41.1448,13.8384,2.6926,11.1188,3.664,9.08,4.6134,4.1508,5.2914,3.1371,0.721,33.4005,10.3076,2.3871,22.7114
500000,重庆市,2007,,,,,,,,,,,,,,,,,,,,
500000,重庆市,2006,,,,,,,,,,,,,,,,,,,,
500000,重庆市,2005,,,,,,,,,,,,,,,,,,,,
500000,重庆市,2004,,,,,,,,,,,,,,,,,,,,
500000,重庆市,2003,,,,,,,,,,,,,,,,,,,,
500000,重庆市,2002,,,,,,,,,,,,,,,,,,,,
500000,重庆市,2001,,,,,,,,,,,,,,,,,,,,
500000,重庆市,2000,,,,,,,,,,,,,,,,,,,,
510000,四川省,2019,788.9352,1.4285,12.8733,123.8169,20.9088,151.653,31.9899,20.0094,28.1296,12.5106,32.6992,25.1557,25.4065,15.2866,9.7675,2.7545,104.4491,57.0591,5.4651,107.5719
510000,四川省,2018,780.6381,2.1352,13.4995,127.2929,22.3864,160.3859,37.3905,19.3338,27.517,9.5603,32.397,21.8961,18.4974,20.3586,11.4476,1.8293,96.1354,51.3542,5.5416,101.6794
510000,四川省,2017,792.2101,2.4949,17.0163,147.2818,22.11,145.5228,38.9107,20.135,30.2422,9.3406,31.6956,21.538,16.787,21.854,12.6936,2.6602,96.0469,51.4429,6.2597,98.1779
510000,四川省,2016,787.5319,2.828,18.5898,148.33,23.1708,151.4775,40.4335,18.4098,30.5054,9.6916,30.3938,19.8387,15.5671,21.0659,12.9658,2.2187,94.3555,48.4813,6.075,93.1337
510000,四川省,2015,795.4677,2.9007,19.5542,159.6566,26.1437,153.8576,40.7058,18.2515,30.8947,10.5604,25.8694,18.6265,14.1984,21.0101,12.8486,1.9378,94.8026,46.7646,6.0994,90.7851
510000,四川省,2014,808.7467,3.2317,23.5147,175.4253,26.7016,155.5581,41.3341,16.2872,32.3151,11.5124,24.215,17.685,12.7091,21.06,13.1648,1.7923,94.562,45.1425,6.2772,86.2586
510000,四川省,2013,846.2453,3.7407,23.1977,204.5781,27.1619,177.836,39.3912,15.6216,33.2283,12.4573,24.1172,15.7346,12.2099,19.8608,12.1165,1.7005,90.8523,42.6578,5.9205,83.8624
510000,四川省,2012,640.8886,4.0286,24.4752,144.4877,17.6251,116.087,23.5581,5.9859,18.4898,7.6382,22.9727,6.5708,5.2201,16.201,10.6302,1.1124,89.3974,39.269,4.4975,82.6419
510000,四川省,2011,614.0225,4.562,21.309,141.6225,16.275,111.8038,22.5911,6.4655,17.8479,6.1348,21.4458,6.473,6.3716,14.6245,10.0973,1.0078,85.0867,36.5882,4.4124,79.3036
510000,四川省,2010,570.6,5.0,20.4,124.2,15.3,99.9,23.1,6.3,17.1,5.5,21.3,5.4,5.9,13.6,9.8,1.0,82.0,33.0,4.4,77.4
510000,四川省,2009,564.3794,5.1304,21.9114,123.0931,15.4171,99.6475,23.7505,5.9161,17.4865,5.2269,20.3809,5.3468,6.0096,13.1317,9.1569,1.0117,82.1215,31.2925,4.3992,73.9491
510000,四川省,2008,550.9485,7.1193,23.1926,123.8586,15.3793,93.7875,23.2188,5.1795,18.2072,4.9861,17.9433,5.0918,6.2669,12.489,8.268,1.1721,81.5886,29.2373,4.3375,69.6251
510000,四川省,2007,,,,,,,,,,,,,,,,,,,,
510000,四川省,2006,,,,,,,,,,,,,,,,,,,,
510000,四川省,2005,,,,,,,,,,,,,,,,,,,,
510000,四川省,2004,,,,,,,,,,,,,,,,,,,,
510000,四川省,2003,,,,,,,,,,,,,,,,,,,,
510000,四川省,2002,,,,,,,,,,,,,,,,,,,,
510000,四川省,2001,,,,,,,,,,,,,,,,,,,,
510000,四川省,2000,,,,,,,,,,,,,,,,,,,,
520000,贵州省,2019,321.0847,0.712,11.7717,29.572,9.4512,43.3561,13.1662,3.994,11.1028,2.7911,14.5226,10.6758,8.1684,4.7983,4.323,1.5982,53.8691,24.9559,2.2815,69.9748
520000,贵州省,2018,308.5407,0.7733,11.3662,31.5439,9.1331,45.0687,11.88,3.4704,11.9591,2.5981,8.8311,8.6418,7.4269,6.7468,5.1474,1.4441,55.2752,22.0309,2.3503,62.8534
520000,贵州省,2017,315.2236,1.0242,12.9692,39.1242,9.0799,45.2285,12.1651,3.8037,12.735,2.9272,9.1727,9.5552,7.2064,7.2049,5.262,1.7249,54.4169,22.6834,2.4103,56.5299
520000,贵州省,2016,310.4774,1.0863,13.4127,40.1975,12.2146,45.7131,11.989,3.5983,12.3912,2.7738,9.0315,8.7896,5.0478,7.322,5.1883,1.3571,54.2636,20.505,2.2983,53.2977
520000,贵州省,2015,307.4744,1.1478,15.4672,42.496,12.8112,42.8178,11.6431,3.2588,12.3903,2.9014,8.6467,8.7494,4.5743,7.6858,4.962,1.2394,53.6554,19.9067,2.0704,51.0507
520000,贵州省,2014,304.747,1.5331,17.5868,44.0823,12.9544,42.8082,11.0875,3.2921,13.944,3.8936,8.3538,7.8813,4.5021,7.6551,4.9535,1.2916,51.0554,18.1438,1.9921,47.7363
520000,贵州省,2013,296.7145,1.576,18.4167,46.3646,13.4952,39.4542,11.3449,3.3507,13.9627,4.1181,8.042,6.869,4.6203,6.525,4.6239,1.2986,47.5598,16.7463,1.9172,46.4293
520000,贵州省,2012,269.497,1.6169,18.1719,47.622,8.4348,34.866,9.1459,2.464,13.169,3.9394,7.3829,5.4316,2.9628,5.4272,4.1628,0.9668,44.1638,14.606,1.6416,43.3216
520000,贵州省,2011,241.0482,1.8663,13.5445,39.8782,8.3107,28.2707,9.6691,2.6787,10.6332,2.9414,7.1546,4.2834,3.1271,4.6388,3.8289,1.2799,42.5384,13.0764,1.9489,41.379
520000,贵州省,2010,224.3,2.1,11.8,36.9,7.0,23.3,9.5,2.7,10.3,2.6,6.4,3.9,3.3,4.3,3.3,1.0,41.9,11.9,1.8,40.3
520000,贵州省,2009,218.7012,1.9753,11.5399,37.3132,6.6018,22.0156,9.1411,2.3822,9.9619,2.6693,5.9365,3.6979,4.0832,4.5888,2.9193,1.0673,41.3469,11.0702,1.8516,38.5392
520000,贵州省,2008,211.031,2.7369,10.827,37.6133,6.9842,21.7414,9.0089,2.4686,9.7988,2.336,5.6765,3.2193,3.1514,3.8227,2.9351,0.7481,40.6082,10.2619,1.9011,35.1916
520000,贵州省,2007,,,,,,,,,,,,,,,,,,,,
520000,贵州省,2006,,,,,,,,,,,,,,,,,,,,
520000,贵州省,2005,,,,,,,,,,,,,,,,,,,,
520000,贵州省,2004,202.5,,,,,,,,,,,,,,,,,,,
520000,贵州省,2003,,,,,,,,,,,,,,,,,,,,
520000,贵州省,2002,,,,,,,,,,,,,,,,,,,,
520000,贵州省,2001,,,,,,,,,,,,,,,,,,,,
520000,贵州省,2000,,,,,,,,,,,,,,,,,,,,
530000,云南省,2019,367.51,3.5203,6.638,42.1395,12.0762,38.9169,16.2998,5.3321,15.8138,5.4402,11.8991,10.3781,11.8865,9.3538,6.0876,1.593,63.3713,30.1683,3.7673,72.8282
530000,云南省,2018,427.0273,4.737,11.5121,62.6772,10.3286,73.8505,17.1192,4.8813,23.6486,8.0438,10.5403,13.9036,12.287,9.8604,7.1898,2.4658,60.6669,28.1004,3.791,61.4238
530000,云南省,2017,422.4105,5.7683,12.288,64.5006,10.3266,73.7167,17.8598,5.212,23.3792,8.1109,10.4727,12.3679,11.2141,10.3683,7.0113,2.1839,59.4323,27.2533,3.6844,57.2602
530000,云南省,2016,418.9842,6.2772,13.5973,66.2611,10.6896,71.6871,17.31,4.9974,24.7961,8.1924,10.3574,11.2214,10.4176,10.1106,7.4652,1.5734,59.8231,26.3162,3.6325,54.2586
530000,云南省,2015,414.66,6.5426,15.2778,67.4528,10.5971,68.0247,17.1272,4.8898,25.0372,8.4253,9.9499,10.9252,9.5803,10.0402,7.4964,1.3704,60.002,25.6765,3.4853,52.7593
530000,云南省,2014,419.5673,6.6798,17.3411,72.0798,10.3127,67.6077,17.108,5.2474,25.9611,8.6955,10.1059,11.126,9.3105,10.1145,7.5793,1.4232,59.8768,24.5628,3.3735,51.0617
530000,云南省,2013,428.1304,7.1087,22.9195,73.9954,10.3013,73.6778,16.7968,6.646,25.515,9.5535,9.8997,10.0707,9.365,9.1924,7.8403,1.3539,57.9952,22.1897,3.4743,50.2352
530000,云南省,2012,392.6735,9.1999,22.2721,70.5302,9.7205,66.4383,13.5612,4.3075,23.5155,8.5081,9.8463,7.281,6.1996,7.7777,5.7191,0.8149,54.9145,19.3633,3.3617,49.3421
530000,云南省,2011,350.0665,11.0142,18.4063,63.2443,9.4887,48.1151,13.5889,4.0738,19.3644,7.3795,9.7341,5.3681,6.7421,6.431,5.4524,0.738,52.8925,17.572,3.4364,47.0247
530000,云南省,2010,322.8,14.5,15.2,58.8,8.5,37.6,13.4,3.5,15.6,5.8,9.0,4.1,7.2,6.2,5.3,0.8,51.8,15.8,3.6,46.1
530000,云南省,2009,312.0397,8.5068,14.5514,60.8339,7.9561,36.2867,14.252,4.0521,14.6872,5.8639,8.8466,3.6616,5.7865,6.4162,5.1296,0.7385,50.7329,15.0104,3.483,45.2443
530000,云南省,2008,303.5037,14.2975,11.5233,56.5778,7.9597,36.0089,13.6562,3.8072,13.904,5.8051,8.4059,3.3063,4.9976,6.092,4.6815,0.6065,50.644,14.2027,3.1517,43.8758
530000,云南省,2007,,,,,,,,,,,,,,,,,,,,
530000,云南省,2006,,,,,,,,,,,,,,,,,,,,
530000,云南省,2005,,,,,,,,,,,,,,,,,,,,
530000,云南省,2004,,,,,,,,,,,,,,,,,,,,
530000,云南省,2003,,,,,,,,,,,,,,,,,,,,
530000,云南省,2002,,,,,,,,,,,,,,,,,,,,
530000,云南省,2001,,,,,,,,,,,,,,,,,,,,
530000,云南省,2000,,,,,,,,,,,,,,,,,,,,
540000,西藏自治区,2019,44.8191,0.1628,0.588,1.4431,1.3795,4.2586,2.6178,0.8862,2.41,0.5881,1.3704,0.4572,1.502,1.224,0.5096,0.2374,5.3692,1.9021,0.6029,17.3102
540000,西藏自治区,2018,36.8949,0.2315,0.5059,0.9024,1.294,2.1313,1.0437,0.4421,0.8995,0.4841,1.0209,0.2103,0.7087,0.8482,0.5295,,6.2349,1.7824,0.8748,16.7066
540000,西藏自治区,2017,33.2977,0.3363,0.472,0.8891,1.201,1.7977,0.8879,0.5241,0.9344,0.5321,1.3388,0.1647,0.4909,1.0242,0.1771,0.2343,5.1281,1.953,0.7866,14.4254
540000,西藏自治区,2016,31.5063,0.3089,0.4625,0.9321,0.7362,1.5477,0.857,0.4815,1.0103,0.4829,0.9469,0.2038,0.3886,1.1516,0.1636,0.2247,4.9391,1.94,0.739,13.9899
540000,西藏自治区,2015,33.3896,1.0928,0.5306,1.1561,1.0743,2.0127,0.8927,0.489,1.163,0.4648,0.8973,0.1508,0.3459,1.2071,0.1846,0.2019,4.8152,1.8219,0.6814,14.2075
540000,西藏自治区,2014,32.5439,1.0537,0.5559,1.0921,0.9904,1.9287,0.8972,0.5084,1.0393,0.5236,0.9433,0.1494,0.469,1.1155,0.2182,0.1806,4.6628,1.8371,0.6895,13.6892
540000,西藏自治区,2013,31.0217,0.8479,0.567,1.1086,1.0269,1.7531,0.7239,0.5081,0.9059,0.6224,0.9652,0.1304,0.4546,1.0795,0.2206,0.149,4.4178,1.6733,0.6606,13.2069
540000,西藏自治区,2012,25.1857,0.567,0.197,0.6612,0.7715,0.5018,0.6009,0.3135,0.5241,0.317,0.825,0.0249,0.2026,1.0864,0.2253,,4.4022,1.6323,0.5999,11.7302
540000,西藏自治区,2011,23.3163,0.878,0.1207,0.6643,0.7373,0.7673,0.5997,0.2235,0.4833,0.3296,0.9369,,0.1528,0.7211,0.2066,,4.2568,1.5339,0.647,10.0161
540000,西藏自治区,2010,22.2,0.9,0.2,0.8,0.8,0.8,0.7,0.4,0.6,0.3,0.8,,0.1,0.7,0.2,,4.0,1.5,0.6,8.8
540000,西藏自治区,2009,21.1124,0.4902,0.1621,0.7651,0.7537,0.8524,0.7279,0.3706,0.5307,0.4042,0.7717,,0.1456,0.679,0.1899,,3.9384,1.383,0.6134,8.2843
540000,西藏自治区,2008,20.2943,0.5227,0.1315,0.7794,0.8018,0.7537,0.8201,0.3794,0.5798,0.3721,0.7604,,0.076,0.6022,0.188,,3.7415,1.3962,0.5996,7.755
540000,西藏自治区,2007,,,,,,,,,,,,,,,,,,,,
540000,西藏自治区,2006,,,,,,,,,,,,,,,,,,,,
540000,西藏自治区,2005,,,,,,,,,,,,,,,,,,,,
540000,西藏自治区,2004,,,,,,,,,,,,,,,,,,,,
540000,西藏自治区,2003,,,,,,,,,,,,,,,,,,,,
540000,西藏自治区,2002,,,,,,,,,,,,,,,,,,,,
540000,西藏自治区,2001,,,,,,,,,,,,,,,,,,,,
540000,西藏自治区,2000,,,,,,,,,,,,,,,,,,,,
610000,陕西省,2019,501.3092,1.3471,33.8186,80.3849,13.5027,58.6876,27.1497,13.3833,22.6534,9.258,27.7888,13.8234,11.0115,12.9391,10.3472,1.8598,61.4329,31.5951,5.7443,64.5818
610000,陕西省,2018,493.1655,1.7657,33.7945,91.7743,12.1519,61.1984,27.2829,12.7107,22.7171,9.5735,21.6191,11.8577,8.5105,17.0445,10.2176,1.5835,55.052,27.8353,5.5731,60.9032
610000,陕西省,2017,510.3881,2.2314,34.7153,100.2236,12.7576,60.3581,27.955,11.5752,26.6355,10.1078,22.4008,11.7534,8.9853,18.7137,9.8808,1.5124,55.6297,28.1222,5.6049,61.2254
610000,陕西省,2016,511.3878,2.3905,34.9466,101.9902,13.6706,61.1293,28.3123,11.1536,25.781,10.589,20.3485,11.4716,10.8886,18.2434,9.6135,1.5697,58.0567,26.6543,4.9785,59.5999
610000,陕西省,2015,511.8355,2.2313,35.3696,104.4393,13.6672,64.3716,27.993,10.2252,25.8011,11.0675,18.0004,11.1196,10.9373,18.3158,9.6078,1.6894,57.9275,26.1522,4.979,57.9407
610000,陕西省,2014,516.5162,2.3587,36.0986,106.1298,12.6775,70.979,28.7338,10.3733,26.3715,11.7718,16.0669,10.6751,8.4993,17.7691,9.7752,1.7161,59.6054,25.4779,4.5262,56.911
610000,陕西省,2013,505.3327,2.6097,36.3122,107.9059,12.2036,72.1432,25.0381,9.4705,25.9513,12.5634,15.0381,8.7012,7.5546,16.74,8.9339,1.966,58.5108,23.4149,4.5719,55.7034
610000,陕西省,2012,411.2237,3.6369,29.9886,86.2145,9.5723,42.8073,18.3423,7.8126,17.8351,7.4893,14.6178,6.6265,4.4698,14.3775,8.9264,1.5027,56.8677,21.9122,5.0098,53.2144
610000,陕西省,2011,393.6961,4.2404,28.9171,85.1291,9.6576,34.6119,19.6734,7.7179,14.9298,7.4107,14.0494,6.2935,4.1039,14.3522,8.4816,1.3816,56.6549,20.6047,4.9288,50.5576
610000,陕西省,2010,364.8,4.4,24.7,81.0,11.0,25.2,19.1,7.1,12.4,6.3,14.1,5.1,3.5,12.8,7.9,1.7,55.1,19.2,4.6,49.4
610000,陕西省,2009,352.3852,4.1484,23.203,82.1814,9.9729,24.0787,19.2057,6.1895,12.2736,5.6946,12.8648,4.509,3.1316,12.7894,7.1944,1.62,53.5882,17.8688,4.4133,47.4579
610000,陕西省,2008,344.3901,6.3719,23.7434,85.0642,10.0806,20.6314,19.5621,3.7137,18.1945,4.8021,10.5675,2.9514,2.9992,11.54,5.9853,1.8123,51.7688,15.6514,4.2005,44.7498
610000,陕西省,2007,,,,,,,,,,,,,,,,,,,,
610000,陕西省,2006,,,,,,,,,,,,,,,,,,,,
610000,陕西省,2005,,,,,,,,,,,,,,,,,,,,
610000,陕西省,2004,331.5817,,,,,,,,,,,,,,,,,,,
610000,陕西省,2003,,,,,,,,,,,,,,,,,,,,
610000,陕西省,2002,,,,,,,,,,,,,,,,,,,,
610000,陕西省,2001,,,,,,,,,,,,,,,,,,,,
610000,陕西省,2000,,,,,,,,,,,,,,,,,,,,
620000,甘肃省,2019,253.0403,1.9804,7.6683,28.1307,11.3119,34.5873,13.158,3.7413,7.8385,2.803,9.5629,5.4447,3.8375,6.6032,5.9999,0.5226,39.152,17.0374,2.7926,50.8681
620000,甘肃省,2018,246.6831,3.9851,8.3794,29.1478,12.049,35.5949,14.5818,2.9766,6.99,2.6607,7.6886,4.5306,3.4106,6.4987,6.4094,0.3956,35.5928,16.6358,2.6672,46.4885
620000,甘肃省,2017,259.217,4.2172,9.2149,31.505,12.5533,40.5211,13.3029,2.8994,7.7425,3.1654,8.4387,5.2697,5.2836,7.1186,6.4201,0.2684,38.2369,15.3816,2.8297,44.848
620000,甘肃省,2016,260.9583,4.9634,10.6657,33.5818,12.1906,43.6959,12.7973,2.7494,8.1249,3.2314,7.6216,5.1748,3.5983,6.8895,5.9106,0.3267,38.6669,14.5362,2.7213,43.512
620000,甘肃省,2015,261.7563,4.9721,11.8592,35.623,12.0637,43.8157,12.5717,2.73,8.1736,3.3416,7.4747,4.4879,2.9939,6.9689,5.9366,0.3067,38.8827,14.2804,2.5146,42.7593
620000,甘肃省,2014,264.7448,5.0176,12.6048,37.4693,12.9246,45.6938,12.4382,2.7561,8.1849,3.3622,7.228,4.4845,3.1261,7.0397,5.9353,0.299,38.051,13.7156,2.5251,41.889
620000,甘肃省,2013,256.6454,5.2254,10.5772,39.187,10.041,46.0595,12.6629,3.0607,7.6774,3.5232,7.2118,3.8869,2.7206,6.8695,5.4249,0.3309,36.5206,12.7819,2.5097,40.3743
620000,甘肃省,2012,211.3309,5.5471,9.6645,33.8144,7.2169,22.9867,10.361,2.0373,6.0073,1.929,7.1862,1.8849,1.709,5.6127,5.19,0.3999,36.8351,11.693,2.5672,38.6887
620000,甘肃省,2011,199.2932,5.2197,9.6916,33.8608,7.0493,19.0546,10.398,1.8043,5.6003,1.8577,6.9015,1.6364,1.871,4.9891,3.9811,0.3706,35.1824,10.9716,2.4684,36.3848
620000,甘肃省,2010,194.3,5.3,9.1,35.3,6.8,15.4,10.1,1.8,5.7,1.9,6.8,1.7,1.9,5.2,3.4,0.2,34.2,10.0,2.8,36.8
620000,甘肃省,2009,192.9821,5.2687,8.8126,38.6117,6.7351,14.051,10.3072,2.2355,5.55,1.9951,6.6131,1.7113,1.9745,4.957,3.3679,0.3441,33.5777,9.1757,2.5017,35.1922
620000,甘肃省,2008,192.546,5.8988,8.5764,36.9429,6.5212,16.3133,10.2223,1.545,6.031,1.9582,6.6859,1.4429,1.9162,4.86,3.6159,0.351,33.684,8.9009,2.4454,34.6347
620000,甘肃省,2007,,,,,,,,,,,,,,,,,,,,
620000,甘肃省,2006,,,,,,,,,,,,,,,,,,,,
620000,甘肃省,2005,,,,,,,,,,,,,,,,,,,,
620000,甘肃省,2004,193.64,,,,,,,,,,,,,,,,,,,
620000,甘肃省,2003,,,,,,,,,,,,,,,,,,,,
620000,甘肃省,2002,,,,,,,,,,,,,,,,,,,,
620000,甘肃省,2001,,,,,,,,,,,,,,,,,,,,
620000,甘肃省,2000,,,,,,,,,,,,,,,,,,,,
630000,青海省,2019,67.0094,0.5549,3.1343,8.9094,2.0809,4.5538,5.1946,0.948,2.3679,0.5752,2.8961,1.3751,1.5858,1.8078,0.9545,0.1372,8.6212,5.3559,0.8242,15.1326
630000,青海省,2018,62.7218,1.2207,3.0387,8.9896,2.3717,5.7536,4.5725,0.8515,2.0479,0.4895,2.3071,0.9497,0.6731,2.2292,1.1121,0.0543,7.7623,4.7563,0.8227,12.7193
630000,青海省,2017,63.3496,1.4459,3.1226,10.1341,2.369,6.4791,4.689,0.9,2.2094,0.6166,2.268,1.0399,0.7581,2.2549,1.2001,0.0824,7.6373,4.3216,0.8622,10.9594
630000,青海省,2016,63.0926,1.3726,3.4848,10.5546,2.1583,6.679,4.2837,0.8907,2.3425,0.6138,2.3772,0.9411,0.8583,2.206,1.0636,0.0866,7.7348,4.085,0.8054,10.5546
630000,青海省,2015,62.7136,1.3504,3.9282,10.8846,1.9568,7.0078,4.2732,0.8184,2.2866,0.592,2.2545,0.8519,0.7882,2.2045,1.0389,0.0872,7.5774,3.8067,0.8524,10.1539
630000,青海省,2014,63.1861,1.37,4.2065,11.2628,1.8887,7.551,4.089,0.933,2.322,0.5977,2.2377,0.7831,0.7942,2.2894,1.0169,0.0828,7.3928,3.7567,0.8504,9.7614
630000,青海省,2013,64.1946,1.4207,4.4155,11.8359,1.8548,7.3223,4.7567,1.0001,2.3644,0.6058,2.1601,0.8252,0.7046,2.3425,1.0366,0.0557,7.6453,3.6797,0.8147,9.354
630000,青海省,2012,61.6871,1.5669,2.586,11.6883,1.9845,7.3524,3.4008,0.9275,2.3542,0.6789,2.1912,0.7536,0.7939,2.8209,1.0216,0.3366,7.5788,3.6704,0.7766,9.204
630000,青海省,2011,60.5907,1.7909,2.6027,12.0868,1.4535,6.6314,3.429,0.8844,2.2652,0.7632,2.0035,0.953,0.8409,2.6515,1.0114,0.2868,7.5901,3.3954,0.7222,9.2288
630000,青海省,2010,52.6,1.7,2.0,9.8,1.2,4.1,3.3,0.8,1.7,0.5,2.0,0.6,0.8,2.3,1.1,0.3,7.5,3.2,0.7,8.9
630000,青海省,2009,50.6254,1.9786,1.9303,8.7203,1.3043,3.9972,3.2761,0.821,1.8049,0.4771,1.8156,0.6812,0.9076,2.1039,0.9866,0.3271,7.3385,2.9567,0.6649,8.5335
630000,青海省,2008,47.0164,2.3193,1.785,7.9513,1.4281,3.5131,3.2239,0.8225,1.5859,0.3801,1.624,0.587,0.5208,1.7337,0.9345,0.5785,6.8033,2.6714,0.6582,7.8958
630000,青海省,2007,,,,,,,,,,,,,,,,,,,,
630000,青海省,2006,,,,,,,,,,,,,,,,,,,,
630000,青海省,2005,,,,,,,,,,,,,,,,,,,,
630000,青海省,2004,,,,,,,,,,,,,,,,,,,,
630000,青海省,2003,,,,,,,,,,,,,,,,,,,,
630000,青海省,2002,,,,,,,,,,,,,,,,,,,,
630000,青海省,2001,,,,,,,,,,,,,,,,,,,,
630000,青海省,2000,,,,,,,,,,,,,,,,,,,,
640000,宁夏回族自治区,2019,70.01,0.7313,5.6075,8.9078,3.4672,3.4102,3.8387,0.7947,2.3334,0.4632,3.9427,1.4397,3.0168,1.4111,1.6542,0.0312,9.5746,5.2373,0.8156,13.3328
640000,宁夏回族自治区,2018,67.9688,0.8178,5.5574,9.8957,3.4769,3.5045,3.8656,0.751,2.376,0.5272,4.0604,1.3747,1.7639,1.3246,1.9902,,8.9988,4.6977,0.9027,12.0559
640000,宁夏回族自治区,2017,71.1373,1.2109,5.0282,12.4881,3.4083,4.1493,3.7452,0.8121,2.4109,0.5852,4.009,1.4972,1.8365,1.5076,2.2707,0.0581,8.8755,4.8527,0.9983,11.3935
640000,宁夏回族自治区,2016,70.6946,1.3273,5.2761,12.2084,3.4575,4.3591,3.6718,0.7782,2.4303,0.6282,4.0356,1.5117,1.8209,1.5587,2.3359,0.075,8.8625,4.5892,1.0154,10.7528
640000,宁夏回族自治区,2015,73.1228,1.4197,5.9676,12.8195,3.5146,5.3337,3.7757,0.8023,2.4713,0.6772,3.7667,1.6538,1.9539,1.5449,2.2654,0.0841,9.2901,4.4639,1.0532,10.2652
640000,宁夏回族自治区,2014,73.249,1.5496,6.3298,12.9449,3.7018,6.0228,3.9414,0.8431,2.701,0.6574,3.4059,1.5147,1.9287,1.4059,2.1326,0.0747,8.8753,4.3006,0.8661,10.0527
640000,宁夏回族自治区,2013,72.1759,2.0069,6.6016,12.5706,3.4416,6.2389,4.0421,0.8267,2.745,0.6482,3.061,1.441,1.9752,1.3975,2.1093,0.0933,8.8043,4.0831,0.8067,9.2829
640000,宁夏回族自治区,2012,67.4222,2.3789,6.5632,10.7791,4.1126,4.386,3.5667,0.6304,2.7832,0.6208,2.9628,1.1392,1.7502,1.1864,2.0151,,8.4352,4.0376,0.7227,9.3051
640000,宁夏回族自治区,2011,60.8547,2.7479,6.009,10.7515,3.5453,2.6478,3.1649,0.5973,1.6016,0.4034,2.8026,1.0667,1.4453,1.2583,1.8144,,8.2475,3.6072,0.7265,8.3778
640000,宁夏回族自治区,2010,59.3,2.6,5.8,10.6,3.7,3.0,2.9,0.6,1.5,0.4,2.7,0.8,1.4,1.2,1.8,,7.9,3.3,0.8,8.3
640000,宁夏回族自治区,2009,58.1039,2.49,5.5518,10.524,4.1616,2.429,3.0366,0.6804,1.6477,0.4894,2.6529,0.8103,1.084,1.2431,1.8004,,7.8435,2.9135,0.8837,7.8169
640000,宁夏回族自治区,2008,57.1283,3.0931,5.0069,10.6515,3.8957,2.4138,2.8153,0.6427,1.7375,0.5597,2.6383,0.7453,0.8191,1.1917,1.9069,,7.7302,2.7894,0.8411,7.609
640000,宁夏回族自治区,2007,,,,,,,,,,,,,,,,,,,,
640000,宁夏回族自治区,2006,,,,,,,,,,,,,,,,,,,,
640000,宁夏回族自治区,2005,,,,,,,,,,,,,,,,,,,,
640000,宁夏回族自治区,2004,,,,,,,,,,,,,,,,,,,,
640000,宁夏回族自治区,2003,,,,,,,,,,,,,,,,,,,,
640000,宁夏回族自治区,2002,,,,,,,,,,,,,,,,,,,,
640000,宁夏回族自治区,2001,,,,,,,,,,,,,,,,,,,,
640000,宁夏回族自治区,2000,,,,,,,,,,,,,,,,,,,,
650000,新疆维吾尔自治区,2019,318.7803,3.2053,14.0957,32.4398,10.1732,20.3655,16.6577,3.6214,10.3521,2.5148,11.2328,6.018,10.8651,6.6049,5.8305,0.5153,51.8929,22.6338,2.5515,87.21
650000,新疆维吾尔自治区,2018,305.2313,10.2046,14.7033,32.526,9.5819,21.7682,16.6598,3.1479,8.7363,2.2819,9.5267,5.1528,10.0133,6.4687,5.9425,0.5537,46.0913,19.7599,2.6524,79.4601
650000,新疆维吾尔自治区,2017,335.0074,49.6787,15.6764,35.5692,9.9396,26.3818,16.6862,2.8466,9.0383,2.2228,9.8061,5.608,8.6189,6.3426,5.7074,1.0057,40.0471,18.9225,2.9274,67.9821
650000,新疆维吾尔自治区,2016,320.4834,48.783,16.0268,35.8374,9.6476,24.9814,16.6127,2.9006,8.9174,2.2756,9.4438,5.4074,8.0439,6.3669,5.7067,0.7092,39.1308,18.5627,2.981,58.1485
650000,新疆维吾尔自治区,2015,317.2483,51.7464,17.8515,34.8394,8.9279,24.7312,16.7098,2.8662,8.2386,2.406,9.0236,5.0588,8.5118,6.425,5.8597,0.7125,38.3961,18.022,2.9783,53.9435
650000,新疆维吾尔自治区,2014,316.6478,52.9489,19.2024,36.0261,9.494,25.4343,17.3796,2.7698,8.2516,2.3952,8.8797,4.5106,7.4397,6.5664,5.6112,0.7087,37.9485,17.5425,2.9818,50.5568
650000,新疆维吾尔自治区,2013,309.5086,54.9072,19.7095,33.6975,8.317,26.2547,17.4876,2.8794,8.275,2.7791,8.738,3.9746,5.9437,6.4686,5.4584,0.7073,37.0336,16.7324,2.9615,47.1835
650000,新疆维吾尔自治区,2012,288.771,56.2081,18.8505,30.585,7.5908,22.3839,12.5981,2.6395,8.2209,2.8012,8.1278,3.1876,5.3533,6.0677,5.4227,0.5974,35.9779,15.7753,2.9474,43.4359
650000,新疆维吾尔自治区,2011,279.3842,57.9367,18.7089,30.0715,7.5924,20.6389,12.3005,2.4953,8.5038,2.8885,8.0947,2.7712,5.326,4.9873,5.2984,1.6149,33.9488,14.8038,3.2161,38.1865
650000,新疆维吾尔自治区,2010,255.0,58.3,17.5,26.0,6.1,15.0,11.1,1.8,6.4,2.3,7.1,2.3,4.8,4.8,5.1,0.6,33.9,13.8,2.7,35.3
650000,新疆维吾尔自治区,2009,249.4187,57.9529,17.6178,25.3778,5.9973,14.3294,10.8969,1.965,6.4198,2.42,6.693,2.1435,4.8734,4.6726,4.786,0.4637,33.1574,13.0244,2.5737,34.0541
650000,新疆维吾尔自治区,2008,248.1727,59.9523,17.7488,25.03,5.9585,13.8386,10.8388,1.8927,6.5935,2.7964,6.429,2.0491,5.2375,4.5852,4.5674,0.3944,33.2545,12.2085,2.4195,32.378
650000,新疆维吾尔自治区,2007,,,,,,,,,,,,,,,,,,,,
650000,新疆维吾尔自治区,2006,,,,,,,,,,,,,,,,,,,,
650000,新疆维吾尔自治区,2005,,,,,,,,,,,,,,,,,,,,
650000,新疆维吾尔自治区,2004,,,,,,,,,,,,,,,,,,,,
650000,新疆维吾尔自治区,2003,,,,,,,,,,,,,,,,,,,,
650000,新疆维吾尔自治区,2002,,,,,,,,,,,,,,,,,,,,
650000,新疆维吾尔自治区,2001,,,,,,,,,,,,,,,,,,,,
650000,新疆维吾尔自治区,2000,,,,,,,,,,,,,,,,,,,,
