省份编码,省份,年份,水产品总产量(万吨),捕捞产量(吨),养殖产量(吨),鱼类产量(吨),虾蟹类产量(吨),贝类产量(吨),藻类产量(吨),海水产品产量(万吨),海洋捕捞产量(吨),海水养殖产量(吨),天然生产海水产品产量(万吨),人工养殖海水产品产量(万吨),鱼类海水产品产量(万吨),虾蟹类海水产品产量(万吨),贝类海水产品产量(万吨),藻类海水产品产量(万吨),淡水产品产量(万吨),淡水捕捞产量(吨),淡水养殖产量(吨),天然生产淡水产品产量(万吨),人工养殖淡水产品产量(万吨),鱼类淡水产品产量(万吨),虾蟹类淡水产品产量(万吨),贝类淡水产品产量(万吨)
110000,北京市,2019,21.4026,9111,21079,30189,,,,19.0497,6661,,19.0497,,19.0497,,,,2.3529,2450,21079,0.245,2.1079,2.3528,,
110000,北京市,2018,3.0028,,,,,,,0.1706,,,0.1706,,0.1706,,,,2.8322,,,0.236,2.5962,2.8322,,
110000,北京市,2017,4.5098,,,,,,,0.9,,,0.9,,0.9,,,,3.6098,,,0.3016,3.3082,3.6089,0.0005,
110000,北京市,2016,5.4288,16865,37423,54033,24,,,1.3514,13514,,1.3514,,1.3514,,,,4.0774,3351,37423,0.3351,3.7423,4.0519,0.0024,
110000,北京市,2015,6.6147,21104,45043,66065,36,,,1.7,17000,,1.7,,1.7,,,,4.9147,4104,45043,0.4104,4.5043,4.9065,0.0036,
110000,北京市,2014,6.8184,17313,50871,67799,47,,,1.3222,13222,,1.3222,,1.3222,,,,5.4962,4091,50871,0.4091,5.0871,5.4577,0.0047,
110000,北京市,2013,6.3611,10699,52912,63367,121,,,0.7008,7008,,0.7008,,0.7008,,,,5.6603,3691,52912,0.3691,5.2912,5.6359,0.0121,
110000,北京市,2012,6.3842,13402,50440,63592,116,,,0.958,9580,,0.958,,0.958,,,,5.4262,3822,50440,0.3822,5.044,5.4012,0.0116,
110000,北京市,2011,6.1228,11471,49757,60979,160,,,0.7532,7532,,0.7532,,0.7532,,,,5.3696,3939,49757,0.3939,4.9757,5.3447,0.016,
110000,北京市,2010,6.3386,13184,50202,54096,165,,,0.896,8960,,0.9,,,,,,5.4426,4224,50202,0.4,5.0,5.4096,0.0165,
110000,北京市,2009,5.8161,7898,50263,53730,241,,,0.3913,3913,,,,,,,,5.4248,3985,50263,0.3985,5.0263,5.373,0.0241,
110000,北京市,2008,6.0761,11211,49550,52961,338,,,0.715,7150,,0.715,,,,,,5.3611,4061,49550,0.4061,4.955,5.2961,0.0338,
110000,北京市,2007,6.0339,6130,54208.9501727947,54000,414,,,0.613,6130,,0.613,,0.059,,,,5.42089501727947,,54208.9501727947,,5.4209,5.341,0.0414,
110000,北京市,2006,5.3937,,62438,61532,605,,,,,,,,0.0,0,0,0,5.39368385716851,,62438,0.0,6.2438,6.1532,0.0605,0
110000,北京市,2005,6.4258,,64258,63739,519,,,,,,,,,,,,6.4258,,64258,,6.4258,6.3739,0.0519,
110000,北京市,2004,6.6753,,66753,66139,455,,,,,,,,,,,,6.6753,,66753,,6.6753,6.6139,0.0455,
110000,北京市,2003,7.1249,,71249,70650,599,,,,,,,,,,,,7.1249,,71249,,7.1249,7.065,0.0599,
110000,北京市,2002,7.4168,,74168,73676,492,,,,,,,,,,,,7.4168,,74168,,7.4,7.3676,0.0492,
110000,北京市,2001,7.4302,,74302,73970,332,,,,,,,,,,,,7.4302,,74302,,7.4302,7.397,0.0332,
110000,北京市,2000,7.5044,,75044,74859.4,184.6,,,,,,,,,,,,7.5044,,75044,,7.5044,7.48594,0.01846,
120000,天津市,2019,26.2231,40082,222149,217991,41841,1482,,4.008,34925,5155,3.4925,0.5155,3.3327,0.4758,0.1327,,22.2151,5157,216994,0.5157,21.6994,18.4664,3.7083,0.0155
120000,天津市,2018,32.6445,,,,,,,4.8695,,,4.1043,0.7652,3.8093,0.7964,0.1658,,27.775,,,0.5522,27.2228,23.7299,3.9549,0.0248
120000,天津市,2017,32.3321,,,,,,,4.8589,,,3.9417,0.9172,3.7763,0.8474,0.1617,,27.4732,,,0.5534,26.9198,24.2232,3.1654,0.0181
120000,天津市,2016,39.436,70640,323720,335214,54712,2589,,6.9703,58369,11334,5.8369,1.1334,5.7236,0.9881,0.2017,,32.4657,12271,312386,1.2271,31.2386,27.7978,4.4831,0.0572
120000,天津市,2015,40.0965,77410,323555,343496,52374,3058,,7.5637,65094,10543,6.5094,1.0543,6.3828,0.8719,0.25,,32.5328,12316,313012,1.2316,31.3012,27.9668,4.3655,0.0558
120000,天津市,2014,40.8244,77306,330938,348516,53360,2776,,7.7221,65594,11627,6.5594,1.1627,6.45,0.9156,0.1797,,33.1023,11712,319311,1.1712,31.9311,28.4016,4.4204,0.0979
120000,天津市,2013,39.8562,78797,319765,330088,63252,3072,,7.8733,66464,12269,6.6464,1.2269,6.5548,1.0504,0.209,,31.9829,12333,307496,1.2333,30.7496,26.454,5.2748,0.0982
120000,天津市,2012,36.5042,38776,326266,284966,73174,3391,,4.1594,27309,14285,2.7309,1.4285,2.4771,1.3264,0.2415,,32.3448,11467,311981,1.1467,31.1981,26.0195,5.991,0.0976
120000,天津市,2011,35.2148,36074,316074,277564,66921,4081,,3.8342,25037,13305,2.5037,1.3305,2.1682,1.2064,0.3066,,31.3806,11037,302769,1.1037,30.2769,25.5882,5.4857,0.1015
120000,天津市,2010,34.4925,34441,310484,261355,65902,3607,,3.8986,24774,14212,2.5,1.4,1.1301,1.404,0.2624,,30.5939,9667,296272,1.0,29.6,25.0054,5.1862,0.0983
120000,天津市,2009,33.4044,34137,299907,251292,65723,4909,,3.9455,25388,14067,2.5388,1.4067,1.0714,1.4691,0.3892,,29.4589,8749,285840,0.8749,28.584,24.0578,5.1032,0.1017
120000,天津市,2008,32.25,33204,289296,247721,59791,5752,,3.8576,24494,14082,2.4494,1.4082,1.0778,1.4937,0.4522,,28.3924,8710,275214,0.871,27.5214,23.6943,4.4854,0.123
120000,天津市,2007,31.1537,39131.2723856433,272405,236176,59766,7164,,4.44,30185,14215,3.0185,1.4215,1.6911,1.43,0.5959,,26.7136213686135,8946.50812195331,258189.705564182,0.8947,25.819,21.9265,4.5466,0.1205
120000,天津市,2006,31.4118,40481.6025736593,299712,277028,51939,6106,,4.4996,32827,16457,3.2827,1.6457,1.9208,1.8399,0.4572,0,26.912290637655,11512,283255,1.1512,28.3255,25.782,3.354,0.1534
120000,天津市,2005,33.8115,50163,287952,279497,39810,16243,,4.8953,38038,10915,3.8038,1.0915,1.8362,1.3506,1.4907,,28.9162,12125,277037,1.2125,27.7037,26.1135,2.6304,0.1336
120000,天津市,2004,31.0033,49276,260757,254806,37221,15319,,4.8606,37975,10631,3.7975,1.0631,1.8772,1.4168,1.4241,,26.1427,11301,250126,1.1301,25.0126,23.6034,2.3053,0.1078
120000,天津市,2003,29.8257,52887,245370,246762,28637,8962,,5.085,42091,8759,4.2091,0.8759,1.8181,1.3228,0.6555,,24.7407,10796,236611,1.0796,23.6611,22.8581,1.5409,0.2407
120000,天津市,2002,28.5564,57630,227934,239452,21601,6180,,5.2778,44820,7958,4.5,0.8,1.8093,1.2819,0.371,,23.2786,12810,219976,1.3,22.0,22.1359,0.8782,0.247
120000,天津市,2001,26.4564,50597,213967,227236,16005,17725,,4.3834,37143,6691,3.7143,0.6691,1.6232,1.1751,1.5674,,22.073,13454,207276,1.3454,20.7276,21.1004,0.4254,0.2051
120000,天津市,2000,24.2201,48905,193296,205966,17880,18122,,3.984,35098,4742,3.5098,0.4742,1.1323,1.2192,1.6092,,20.2361,13807,188554,1.3807,18.8554,19.4643,0.5688,0.203
130000,河北省,2019,99.0116,282361,707755,437088,97239,379396,992,69.564,246838,448802,24.6838,44.8802,17.2572,6.9987,37.9372,0.0991,29.4476,35523,258953,3.5523,25.8953,26.4516,2.7252,0.0024
130000,河北省,2018,109.6152,,,,,,,76.7665,,,27.7829,48.9836,19.8847,7.7142,45.188,0.1003,32.8487,,,4.2136,28.6351,29.3285,3.0033,0.1575
130000,河北省,2017,116.46,,,,,,,81.1407,,,28.2249,52.9158,19.6931,7.6994,49.4534,,35.3193,,,4.9018,30.4175,31.3725,3.3197,0.261
130000,河北省,2016,136.9267,398096,971171,724757,109810,483727,,80.6799,295427,511372,29.5427,51.1372,20.3552,7.6951,48.0046,,56.2468,102669,459799,10.2669,45.9799,52.1205,3.2859,0.3681
130000,河北省,2015,129.7077,357168,939909,653219,108700,485995,,76.0931,254447,506484,25.4447,50.6484,15.7972,7.774,48.2177,,53.6146,102721,433425,10.2721,43.3425,49.5247,3.096,0.3818
130000,河北省,2014,126.3941,341275,922666,633914,107310,473075,,73.1594,239595,491999,23.9595,49.1999,14.3783,7.4982,46.9296,,53.2347,101680,430667,10.168,43.0667,49.0131,3.2328,0.3779
130000,河北省,2013,123.0636,328139,902497,633565,116632,433953,,68.2809,230539,452270,23.0539,45.227,13.4634,7.7538,43.017,,54.7827,97600,450227,9.76,45.0227,49.8931,3.9094,0.3783
130000,河北省,2012,116.3172,350163,813009,626023,115476,364671,,63.4631,252570,382061,25.257,38.2061,14.1882,8.1978,36.0885,,52.8541,97593,430948,9.7593,43.0948,48.4141,3.3498,0.3786
130000,河北省,2011,106.7131,351059,716072,609990,100221,295057,,56.3281,251761,311520,25.1761,31.152,14.5094,7.1757,29.1038,,50.385,99298,404552,9.9298,40.4552,46.4896,2.8464,0.4019
130000,河北省,2010,106.33,345539,717761,594984,106607,311903,250,58.26,253292,329308,25.3,32.9,15.1653,7.8882,30.8017,0.025,48.07,92247,388453,9.2,38.8,44.3331,2.7725,0.3886
130000,河北省,2009,100.41,341050,663050,567503,99382,285993,,55.3884,253317,300567,25.3317,30.0567,15.152,7.2917,28.2873,,45.0216,87733,362483,8.7733,36.2483,41.5983,2.6465,0.312
130000,河北省,2008,96.64,334424,631976,550168,105326,281928,,54.925,253300,295950,25.33,29.595,16.4631,8.0317,27.8828,,41.715,81124,336026,8.1124,33.6026,38.5537,2.5009,0.31
130000,河北省,2007,90.6437,327508.079832869,578928.423946991,513563,98050,267443,,52.4303,253195,271108,25.3195,27.1108,16.0388,7.5141,26.4604,,38.2133103249192,74314,307820.479074254,7.4314,30.782,35.3175,2.2909,0.2839
130000,河北省,2006,87.1418,331014.732000777,669754,626202,124281,288928,,49.9047,313734,304765,31.3734,30.4765,20.1784,9.6378,28.3422,0,37.2370796627122,96512,364989,9.6512,36.4989,42.4418,2.7903,0.5506
130000,河北省,2005,98.9461,396242,593219,577946,118753,252246,,57.1808,310753,261055,31.0753,26.1055,19.1613,9.5057,24.7257,,41.7653,85489,332164,8.5489,33.2164,38.6333,2.3696,0.4989
130000,河北省,2004,92.3788,393427,530361,537302,121362,221826,,53.6902,311120,225782,31.112,22.5782,18.5987,9.4519,21.6517,,38.6886,82307,304579,8.2307,30.4579,35.1315,2.6843,0.5309
130000,河北省,2003,86.2715,383615,479100,518101,116419,186851,,48.9702,311128,178574,31.1128,17.8574,17.7773,9.0483,18.1284,,37.3013,72487,300526,7.2487,30.0526,34.0328,2.5936,0.5567
130000,河北省,2002,87.0571,390221,480350,497316,111551,231041,,51.844,317249,201191,31.7,20.1,18.1557,9.1831,22.1911,,35.2131,72972,279159,7.3,27.9,31.5759,1.972,0.913
130000,河北省,2001,84.8887,388879,460008,498481,108304,213504,,51.4411,318147,196264,31.8147,19.6264,18.557,9.2362,20.9393,,33.4476,70732,263744,7.0732,26.3744,31.2911,1.5942,0.4111
130000,河北省,2000,80.9496,397975,411521,494480,95791,188468,,48.2032,327371,154661,32.7371,15.4661,18.7945,8.0707,18.4626,,32.7464,70604,256860,7.0604,25.686,30.6535,1.5084,0.3842
140000,山西省,2019,4.6307,2267,44040,45811,218,,,,,,,,,,,,4.6307,2267,44040,0.2267,4.404,4.5811,0.0218,
140000,山西省,2018,4.7773,,,,,,,,,,,,,,,,4.7773,,,0.2322,4.5451,4.7302,0.0183,
140000,山西省,2017,5.3047,,,,,,,,,,,,,,,,5.3047,,,0.2142,5.0905,5.2584,0.0144,
140000,山西省,2016,5.2279,1101,51178,51776,128,,,,,,,,,,,,5.2279,1101,51178,0.1101,5.1178,5.1776,0.0128,
140000,山西省,2015,5.2427,1074,51353,51850,130,,,,,,,,,,,,5.2427,1074,51353,0.1074,5.1353,5.185,0.013,
140000,山西省,2014,5.1248,1060,50188,50637,127,,,,,,,,,,,,5.1248,1060,50188,0.106,5.0188,5.0637,0.0127,
140000,山西省,2013,4.5621,1122,44499,45012,108,,,,,,,,,,,,4.5621,1122,44499,0.1122,4.4499,4.5012,0.0108,
140000,山西省,2012,4.1243,1122,40121,40654,109,,,,,,,,,,,,4.1243,1122,40121,0.1122,4.0121,4.0654,0.0109,
140000,山西省,2011,3.6137,1121,35016,35703,79,,,,,,,,,,,,3.6137,1121,35016,0.1121,3.5016,3.5703,0.0079,
140000,山西省,2010,3.17,831,30869,31308,93,,,,,,,,,,,,3.17,831,30869,0.1,3.1,3.1308,0.0093,
140000,山西省,2009,3.1,749,30251,30781,90,,,,,,,,,,,,3.1,749,30251,0.0749,3.0251,3.0781,0.009,
140000,山西省,2008,3.07,890,29810,30528,91,,,,,,,,,,,,3.07,890,29810,0.089,2.981,3.0528,0.0091,
140000,山西省,2007,2.9575,1200.85197170038,28373.588025083,29370,167,,,,,,,,,,,,2.95744399967834,1200.85197170038,28373.588025083,0.1201,2.8374,2.937,0.0167,
140000,山西省,2006,2.8408,1181.07943649126,41814,42795,282,,,,,,0.0,0.0,0.0,0,0,0,2.84085195039524,1792,41814,0.1792,4.1814,4.2795,0.0282,0
140000,山西省,2005,3.7542,1433,36109,37441,42,,,,,,,,,,,,3.7542,1433,36109,0.1433,3.6109,3.7441,0.0042,
140000,山西省,2004,3.5364,2084,33280,35273,34,,,,,,,,,,,,3.5364,2084,33280,0.2084,3.328,3.5273,0.0034,
140000,山西省,2003,3.1067,269,30798,31008,12,,,,,,,,,,,,3.1067,269,30798,0.0,3.0798,3.1008,0.0012,
140000,山西省,2002,2.9226,218,29008,29177,4,,,,,,,,,,,,2.9226,218,29008,0.0,2.9,2.9177,0.0004,
140000,山西省,2001,2.7552,215,27337,27504,4,,,,,,,,,,,,2.7552,215,27337,0.0215,2.7337,2.7504,0.0004,
140000,山西省,2000,2.6021,195,25826,25974,9,,,,,,,,,,,,2.6021,195,25826,0.0195,2.5826,2.5974,0.0009,
150000,内蒙古自治区,2019,12.5956,14052,111904,122819,1248,,1789,,,,,,,,,,12.5956,14052,111904,1.4052,11.1904,12.2819,0.1248,
150000,内蒙古自治区,2018,13.9499,,,,,,,,,,,,,,,,13.9499,,,2.132,11.8179,13.6257,0.1409,
150000,内蒙古自治区,2017,15.6181,,,,,,,,,,,,,,,,15.6181,,,2.8354,12.7827,15.2775,0.1362,
150000,内蒙古自治区,2016,15.8298,29303,128995,155146,1240,,1793,,,,,,,,,,15.8298,29303,128995,2.9303,12.8995,15.5146,0.124,
150000,内蒙古自治区,2015,15.3525,29364,124161,150467,1070,,1842,,,,,,,,,,15.3525,29364,124161,2.9364,12.4161,15.0467,0.107,
150000,内蒙古自治区,2014,14.7949,29918,118031,144644,1273,,1838,,,,,,,,,,14.7949,29918,118031,2.9918,11.8031,14.4644,0.1273,
150000,内蒙古自治区,2013,14.1321,31009,110312,138587,813,,1845,,,,,,,,,,14.1321,31009,110312,3.1009,11.0312,13.8587,0.0813,
150000,内蒙古自治区,2012,13.1575,31133,100442,128836,774,,1887,,,,,,,,,,13.1575,31133,100442,3.1133,10.0442,12.8836,0.0774,
150000,内蒙古自治区,2011,12.29,30468,92432,119751,1243,,1795,,,,,,,,,,12.29,30468,92432,3.0468,9.2432,11.9751,0.1243,
150000,内蒙古自治区,2010,11.3804,30671,83133,110998,1446,,1238,,,,,,,,,,11.3804,30671,83133,3.1,8.3,11.0998,0.1446,
150000,内蒙古自治区,2009,10.5979,29586,76393,103615,1397,,,,,,,,,,,,10.5979,29586,76393,2.9586,7.6393,10.3615,0.1397,
150000,内蒙古自治区,2008,9.8212,27929,70283,95968,1287,,,,,,,,,,,,9.8212,27929,70283,2.7929,7.0283,9.5968,0.1287,
150000,内蒙古自治区,2007,9.3565,29429,64136,90461,2092,,,,,,,,,,,,9.3565,29429,64136,2.9429,6.4136,9.0461,0.2092,
150000,内蒙古自治区,2006,8.7049,29536,57010,82991,3298,,,,,,0.0,0.0,0.0,0,0,0,8.7049,29536,57010,2.9536,5.701,8.2991,0.3298,0
150000,内蒙古自治区,2005,8.2608,29254,53354,77127,4347,,,,,,,,,,,,8.2608,29254,53354,2.9254,5.3354,7.7127,0.4347,
150000,内蒙古自治区,2004,7.7257,29014,48243,73987,2801,,,,,,,,,,,,7.7257,29014,48243,2.9014,4.8243,7.3987,0.2801,
150000,内蒙古自治区,2003,7.2794,28184,44610,68885,3294,2,,,,,,,,,,,7.2794,28184,44610,2.8184,4.461,6.8885,0.3294,0.0002
150000,内蒙古自治区,2002,7.7707,31868,45839,74751,1656,,,,,,,,,,,,7.7707,31868,45839,3.2,4.6,7.4751,0.1656,
150000,内蒙古自治区,2001,7.6084,30363,45721,73628,1717,,,,,,,,,,,,7.6084,30363,45721,3.0363,4.5721,7.3628,0.1717,
150000,内蒙古自治区,2000,7.211,26756,45354,68303,3260,,,,,,,,,,,,7.211,26756,45354,2.6756,4.5354,6.8303,0.326,
210000,辽宁省,2019,455.0106,791137,3758969,1379576,218232,2288265,467844,369.934,752022,2947318,75.2022,294.7318,61.7994,13.6503,228.8101,46.7844,85.0766,39115,811651,3.9115,81.1651,76.1582,8.1729,0.0164
210000,辽宁省,2018,450.824,,,,,,,367.0133,,,80.6499,286.3634,65.6411,14.4216,234.9038,34.1838,83.8107,,,3.9379,79.8728,76.5853,6.4529,0.0189
210000,辽宁省,2017,479.4374,,,,,,,391.8774,,,83.74,308.1374,68.2773,14.6633,253.5615,33.0473,87.56,,,4.56,83.0,79.6407,6.8555,0.0384
210000,辽宁省,2016,550.0694,1420973,4079721,1916913,339111,2617146,325858,446.973,1367026,3102704,136.7026,310.2704,100.352,23.3771,261.6714,32.5858,103.0964,53947,977017,5.3947,97.7017,91.3393,10.534,0.0432
210000,辽宁省,2015,531.2765,1433810,3878955,1879749,340669,2450751,348495,431.9822,1377857,2941965,137.7857,294.1965,99.8286,24.1184,245.0291,34.8495,99.2943,55953,936990,5.5953,93.699,88.1463,9.9485,0.046
210000,辽宁省,2014,525.6719,1461988,3794731,1891600,341748,2410609,351402,429.6825,1406300,2890525,140.63,289.0525,104.2868,24.5531,240.9997,35.1402,95.9894,55688,904206,5.5688,90.4206,84.8732,9.6217,0.0612
210000,辽宁省,2013,505.0252,1337940,3712312,1755176,325115,2374097,319720,411.1302,1283693,2827609,128.3693,282.7609,92.2035,23.3465,237.3454,31.972,93.895,54247,884703,5.4247,88.4703,83.3141,9.165,0.0643
210000,辽宁省,2012,478.6268,1309225,3477043,1691097,317031,2191596,325585,389.3291,1257664,2635627,125.7664,263.5627,89.3345,23.3528,219.1447,32.5585,89.2977,51561,841416,5.1561,84.1416,79.7752,8.3503,0.0149
210000,辽宁省,2011,451.4693,1268721,3245972,1637992,305839,2019523,312425,365.7958,1222774,2435184,122.2774,243.5184,86.7228,23.1405,201.9354,31.2425,85.6735,45947,810788,4.5947,81.0788,77.0764,7.4434,0.0169
210000,辽宁省,2010,430.3774,1239452,3064322,1321324,287843,1906140,265013,349.7366,1182672,2314694,118.3,231.5,59.5791,22.4091,190.5122,26.5013,80.6408,56780,749628,5.7,75.0,72.5533,6.3752,0.1018
210000,辽宁省,2009,400.605,1188428,2817622,1254580,278329,1784398,248383,327.5288,1132120,2143168,113.212,214.3168,59.4485,21.9836,178.3403,24.8383,73.0762,56308,674454,5.6308,67.4454,66.0095,5.8493,0.0995
210000,辽宁省,2008,377.6505,1177734,2598771,1147333,270130,1695834,246541,316.1333,1140353,2020980,114.0353,202.098,57.5802,23.28,169.5669,24.6541,61.5172,37381,577791,3.7381,57.7791,57.1531,3.733,0.0165
210000,辽宁省,2007,361.2708,1206813.58695788,2405894.02035738,1247746,326352,1586407,254302,302.1559,1166194,1855365,116.6194,185.5365,71.4495,27.9663,158.5899,25.4302,59.1148864358237,40620.0448962355,550528.819462002,4.062,55.0529,53.3251,4.6689,0.0508
210000,辽宁省,2006,351.3281,1211721.41843865,2881406,1502261,399850,1910075,342760,295.9907,1481696,2223919,148.1696,222.3919,87.2972,34.8995,190.9541,34.276,55.3374012199552,35302,657487,3.5302,65.7487,62.9289,5.0855,0.0534
210000,辽宁省,2005,425.3388,1562820,2690568,1457408,406133,1736414,394558,364.1624,1520371,2121253,152.0371,212.1253,91.3006,34.9834,173.5305,39.4558,61.1764,42449,569315,4.2449,56.9315,54.4402,5.6299,0.1109
210000,辽宁省,2004,402.5331,1533461,2491870,1414139,403500,1635678,383705,346.1571,1491192,1970379,149.1192,197.0379,90.1019,36.1938,163.562,38.3705,56.376,42269,521491,4.2269,52.1491,51.312,4.1562,0.0058
210000,辽宁省,2003,381.9845,1510192,2309653,1307616,355418,1656243,330441,330.8457,1479639,1828818,147.9639,182.8818,83.8219,32.5568,165.2123,33.0441,51.1388,30553,480835,3.0553,48.0835,46.9397,2.985,0.412
210000,辽宁省,2002,374.8309,1520203,2228106,1309807,403119,1528430,348902,327.0787,1488365,1782422,148.8,178.2,87.6244,36.5854,152.8377,34.8902,47.7522,31838,445684,3.2,44.6,43.3563,3.7265,0.0053
210000,辽宁省,2001,350.7602,1530318,1977284,1180355,396973,1426751,325344,310.4923,1496053,1608870,149.6053,160.887,81.2894,37.1511,142.6661,32.5344,40.2679,34265,368414,3.4265,36.8414,36.7461,2.5462,0.009
210000,辽宁省,2000,338.4556,1533358,1851198,1099353,401362,1383437,350244,302.3084,1501887,1521197,150.1887,152.1197,76.6908,37.938,138.3402,35.0244,36.1472,31471,330001,3.1471,33.0001,33.2445,2.1982,0.0035
220000,吉林省,2019,23.6626,19125,217501,232004,4349,273,,,,,,,,,,,23.6626,19125,217501,1.9125,21.7501,23.2004,0.4349,0.0273
220000,吉林省,2018,23.409,,,,,,,,,,,,,,,,23.409,,,1.93,21.479,22.9694,0.4089,0.0307
220000,吉林省,2017,22.035,,,,,,,,,,,,,,,,22.035,,,1.9304,20.1046,21.6686,0.3377,0.0287
220000,吉林省,2016,20.0683,19509,181174,197492,2812,379,,,,,,,,,,,20.0683,19509,181174,1.9509,18.1174,19.7492,0.2812,0.0379
220000,吉林省,2015,19.52,19654,175546,192398,2352,450,,,,,,,,,,,19.52,19654,175546,1.9654,17.5546,19.2398,0.2352,0.045
220000,吉林省,2014,19.0125,20657,169468,187606,2024,490,,,,,,,,,,,19.0125,20657,169468,2.0657,16.9468,18.7606,0.2024,0.049
220000,吉林省,2013,18.5827,20852,164975,183733,1535,493,,,,,,,,,,,18.5827,20852,164975,2.0852,16.4975,18.3733,0.1535,0.0493
220000,吉林省,2012,18.21,20126,161974,180529,1284,262,,,,,,,,,,,18.21,20126,161974,2.0126,16.1974,18.0529,0.1284,0.0262
220000,吉林省,2011,17.2816,20087,152729,171952,714,148,,,,,,,,,,,17.2816,20087,152729,2.0087,15.2729,17.1952,0.0714,0.0148
220000,吉林省,2010,16.5958,19756,146202,165200,595,157,,,,,,,,,,,16.5958,19756,146202,2.0,14.6,16.52,0.0595,0.0157
220000,吉林省,2009,16.5184,19186,145998,164349,653,180,,,,,,,,,,,16.5184,19186,145998,1.9186,14.5998,16.4349,0.0653,0.018
220000,吉林省,2008,15.5,20130,134870,154108,696,196,,,,,,,,,,,15.5,20130,134870,2.013,13.487,15.4108,0.0696,0.0196
220000,吉林省,2007,15.161,20521,131089,150639,804,167,,,,,,,,,,,15.161,20521,131089,2.0521,13.1089,15.0639,0.0804,0.0167
220000,吉林省,2006,13.0763,24528,106235,129853,744,166,,,,,0.0,0.0,0.0,0,0,0,13.0763,24528,106235,2.4528,10.6235,12.9853,0.0744,0.0166
220000,吉林省,2005,11.893,24911,94019,117914,822,144,,,,,,,,,,,11.893,24911,94019,2.4911,9.4019,11.7914,0.0822,0.0144
220000,吉林省,2004,11.9821,27783,92038,119162,487,172,,,,,,,,,,,11.9821,27783,92038,2.7783,9.2038,11.9162,0.0487,0.0172
220000,吉林省,2003,10.8748,19298,89450,107260,470,1018,,,,,,,,,,,10.8748,19298,89450,1.9298,8.945,10.726,0.047,0.1018
220000,吉林省,2002,10.5142,23398,81744,104692,370,80,,,,,,,,,,,10.5142,23398,81744,2.3,8.2,10.4692,0.037,0.008
220000,吉林省,2001,11.0238,27860,82378,110168,48,22,,,,,,,,,,,11.0238,27860,82378,2.786,8.2378,11.0168,0.0048,0.0022
220000,吉林省,2000,14.0107,43943,96164,139484,153,470,,,,,,,,,,,14.0107,43943,96164,4.3943,9.6164,13.9484,0.0153,0.047
230000,黑龙江省,2019,64.83,40000,608300,637562,9951,735,,,,,,,,,,,64.83,40000,608300,4.0,60.83,63.7562,0.9951,0.0735
230000,黑龙江省,2018,62.432,,,,,,,,,,,,,,,,62.432,,,4.71,57.722,61.5619,0.8122,0.0495
230000,黑龙江省,2017,58.7302,,,,,,,,,,,,,,,,58.7302,,,5.164,53.5662,57.9801,0.6981,0.0439
230000,黑龙江省,2016,57.2955,54551,518404,566398,6124,377,,,,,,,,,,,57.2955,54551,518404,5.4551,51.8404,56.6398,0.6124,0.0377
230000,黑龙江省,2015,54.2368,57169,485199,537152,4808,357,,,,,,,,,,,54.2368,57169,485199,5.7169,48.5199,53.7152,0.4808,0.0357
230000,黑龙江省,2014,51.3534,54138,459396,508805,4359,319,,,,,,,,,,,51.3534,54138,459396,5.4138,45.9396,50.8805,0.4359,0.0319
230000,黑龙江省,2013,48.8615,51560,437055,483859,4346,358,,,,,,,,,,,48.8615,51560,437055,5.156,43.7055,48.3859,0.4346,0.0358
230000,黑龙江省,2012,45.284,51946,400894,447524,4914,356,,,,,,,,,,,45.284,51946,400894,5.1946,40.0894,44.7524,0.4914,0.0356
230000,黑龙江省,2011,41.9685,54203,365482,414369,4765,512,,,,,,,,,,,41.9685,54203,365482,5.4203,36.5482,41.4369,0.4765,0.0512
230000,黑龙江省,2010,39.97,46885,352815,394052,5323,284,,,,,,,,,,,39.97,46885,352815,4.7,35.3,39.4052,0.5323,0.0284
230000,黑龙江省,2009,38.07,43149,337551,375354,4943,377,,,,,,,,,,,38.07,43149,337551,4.3149,33.7551,37.5354,0.4943,0.0377
230000,黑龙江省,2008,35.58,41795,314005,350628,4784,367,,,,,,,,,,,35.58,41795,314005,4.1795,31.4005,35.0628,0.4784,0.0367
230000,黑龙江省,2007,34.2506,38736.8887523875,303769.3352357,335677,5525,372,,,,,,,,,,,34.2506223988088,38736.8887523875,303769.3352357,3.8737,30.3769,33.5677,0.5525,0.0372
230000,黑龙江省,2006,33.0852,38801.488853267,415925,460031,9070,547,,,,,0.0,0.0,0.0,0,0,0,33.0853629704442,55259,415925,5.5259,41.5925,46.0031,0.907,0.0547
230000,黑龙江省,2005,44.597,50762,395208,438486,5936,451,,,,,,,,,,,44.597,50762,395208,5.0762,39.5208,43.8486,0.5936,0.0451
230000,黑龙江省,2004,43.0066,53568,376498,425003,4637,397,,,,,,,,,,,43.0066,53568,376498,5.3568,37.6498,42.5003,0.4637,0.0397
230000,黑龙江省,2003,41.8915,47810,371105,415578,3229,99,,,,,,,,,,,41.8915,47810,371105,4.781,37.1105,41.5578,0.3229,0.0099
230000,黑龙江省,2002,41.7786,52197,365589,416256,1121,48,,,,,,,,,,,41.7786,52197,365589,5.2,36.6,41.6256,0.1121,0.0048
230000,黑龙江省,2001,40.1892,37010,364882,399823,2019,47,,,,,,,,,,,40.1892,37010,364882,3.701,36.4882,39.9823,0.2019,0.0047
230000,黑龙江省,2000,38.2153,57635,324518,380459,1645,46,,,,,,,,,,,38.2153,57635,324518,5.7635,32.4518,38.0459,0.1645,0.0046
310000,上海市,2019,28.0277,196722,83555,241646,37948,3,,19.5729,195729,,19.5729,,18.8031,0.7473,0.0003,,8.4548,993,83555,0.0993,8.3555,5.3615,3.0475,
310000,上海市,2018,26.2509,,,,,,,16.6632,,,16.6632,,15.8585,0.7828,0.0002,,9.5877,,,0.1584,9.4293,6.3586,3.1876,
310000,上海市,2017,26.8882,,,,,,,14.4701,,,14.4701,,13.4661,0.9757,0.0002,,12.4181,,,0.1431,12.275,9.8508,2.5074,
310000,上海市,2016,29.6201,144247,151954,238045,57496,4,,14.1833,141833,,14.1833,,13.0982,1.0692,0.0004,,15.4368,2414,151954,0.2414,15.1954,10.7063,4.6804,
310000,上海市,2015,32.4369,173080,151289,265391,58166,5,,16.9997,169997,,16.9997,,16.1269,0.8459,0.0005,,15.4372,3083,151289,0.3083,15.1289,10.4122,4.9707,
310000,上海市,2014,33.046,172992,157468,262740,66839,21,,16.9594,169594,,16.9594,,15.6588,1.2871,0.001,,16.0866,3398,157468,0.3398,15.7468,10.6152,5.3968,0.0011
310000,上海市,2013,28.8787,128666,160121,220142,67815,27,,12.4825,124825,,12.4825,,11.2995,1.1642,0.0017,,16.3962,3841,160121,0.3841,16.0121,10.7147,5.6173,0.001
310000,上海市,2012,29.7132,135028,162104,222472,73411,173,,13.0585,130585,,13.0585,,12.087,0.9474,,,16.6547,4443,162104,0.4443,16.2104,10.1602,6.3937,0.0173
310000,上海市,2011,28.7314,127248,160066,213079,73241,133,,12.1586,121586,,12.1586,,11.1319,0.9967,,,16.5728,5662,160066,0.5662,16.0066,10.176,6.3274,0.0133
310000,上海市,2010,28.9678,127199,162479,111204,77199,154,,12.1464,121464,,12.1,,1.2202,0.9031,,,16.8214,5735,162479,0.6,16.2,9.9002,6.8168,0.0154
310000,上海市,2009,30.8986,161119,147867,103504,69322,210,,15.6351,156351,,15.6351,,1.1547,0.9908,,,15.2635,4768,147867,0.4768,14.7867,9.1957,5.9414,0.021
310000,上海市,2008,32.34,180986,142414,93666,70980,218,,17.7204,177204,,17.7204,,0.8706,1.0476,,,14.6196,3782,142414,0.3782,14.2414,8.496,6.0504,0.0218
310000,上海市,2007,32.0,160169.462648312,159830,213439,79017,276,,15.5621,155586,35,15.5586,0.0035,11.6719,1.2251,,,16.4379808206158,4583.75333468608,159795,0.4584,15.9795,9.672,6.6766,0.0276
310000,上海市,2006,33.4955,173080.55515448,187621,270684,90647,301,,16.8037,193987,417,19.3987,,15.4663,1.5284,0,0,16.6917598096906,6252,187204,0.6252,18.7204,11.6021,7.5363,0.0301
310000,上海市,2005,35.3539,153151,200388,227324,91076,26233,,15.0307,149567,740,14.9567,0.074,10.1093,1.6625,2.5525,,20.3232,3584,199648,0.3584,19.9648,12.6231,7.4451,0.0708
310000,上海市,2004,34.4105,136839,207266,242216,82994,11297,,13.4237,132008,2229,13.2008,0.2229,10.2468,1.5557,1.0614,,20.9868,4831,205037,0.4831,20.5037,13.9748,6.7437,0.0683
310000,上海市,2003,35.4787,137242,217545,248998,83409,15205,,13.3491,130773,2718,13.0773,0.2718,9.7842,1.7146,1.437,,22.1296,6469,214827,0.6469,21.4827,15.1156,6.6263,0.0835
310000,上海市,2002,32.6905,122384,204521,187970,68877,67413,,11.8235,115802,2433,11.6,0.2,3.2621,1.9044,6.6247,,20.867,6582,202088,0.7,20.2,15.5349,4.9833,0.1166
310000,上海市,2001,29.7658,110594,187064,202343,62479,29514,,10.4904,102269,2635,10.2269,0.2635,5.0996,2.4761,2.8344,,19.2754,8325,184429,0.8325,18.4429,15.1347,3.7718,0.117
310000,上海市,2000,28.8682,127560,161122,208504,43712,32489,,12.2286,120174,2112,12.0174,0.2112,6.7257,2.1471,3.1466,,16.6396,7386,159010,0.7386,15.901,14.1247,2.2241,0.1023
320000,江苏省,2019,484.1159,747009,4094150,2773080,1154093,799352,43361,137.0205,454947,915258,45.4947,91.5258,33.2892,24.5234,70.6413,4.216,347.0954,292062,3178892,29.2062,317.8892,244.0188,90.8859,9.2939
320000,江苏省,2018,494.8443,,,,,,,140.8306,,,48.9979,91.8327,35.6772,25.3789,70.8299,4.3362,354.0137,,,28.7194,325.2943,252.4789,89.3905,8.9912
320000,江苏省,2017,507.5922,,,,,,,148.7281,,,55.6522,93.0759,40.2722,27.0383,72.1773,4.3483,358.8641,,,30.7635,328.1006,260.126,85.0334,10.3326
320000,江苏省,2016,520.7448,886050,4321398,3135613,1131288,825178,31529,147.3125,568952,904173,56.8952,90.4173,40.4002,27.384,71.5849,3.0074,373.4323,317098,3417225,31.7098,341.7225,273.1611,85.7448,10.9329
320000,江苏省,2015,521.0467,913725,4296742,3147420,1131678,815748,30654,148.1838,588314,893524,58.8314,89.3524,42.2725,27.5339,70.4257,2.9272,372.8629,325411,3403218,32.5411,340.3218,272.4695,85.6339,11.1491
320000,江苏省,2014,518.7503,893637,4293866,3102410,1108009,860719,29252,150.3806,567859,935947,56.7859,93.5947,40.3205,27.2812,74.8989,2.8293,368.3697,325778,3357919,32.5778,335.7919,269.9205,83.5197,11.173
320000,江苏省,2013,509.3844,901860,4191984,3053966,1041181,876820,31811,151.2078,573336,938742,57.3336,93.8742,40.7552,25.9342,76.129,3.0918,358.1766,328524,3253242,32.8524,325.3242,264.6414,78.1839,11.553
320000,江苏省,2012,493.7399,914072,4023327,2959855,974753,882668,24861,148.4814,579855,904959,57.9855,90.4959,42.1816,22.2103,76.0418,2.4196,345.2585,334217,3118368,33.4217,311.8368,253.8039,75.265,12.225
320000,江苏省,2011,475.9669,912116,3847553,2861244,936157,843205,27049,142.084,578432,842408,57.8432,84.2408,40.5482,21.5019,72.0903,2.6014,333.8829,333684,3005145,33.3684,300.5145,245.5762,72.1138,12.2302
320000,江苏省,2010,460.4429,911658,3692771,2770092,900663,792866,31284,136.4468,579295,785173,57.9,78.5,38.8735,20.1332,67.603,2.9934,323.9961,332363,2907598,33.2,290.8,238.1357,69.9331,11.6836
320000,江苏省,2009,443.2236,890741,3541495,2664980,891539,731605,33477,130.4969,570009,734960,57.0009,73.496,39.0483,18.0585,63.5043,3.3477,312.7267,320732,2806535,32.0732,280.6535,227.4497,71.0954,9.6562
320000,江苏省,2008,425.0005,899974,3350031,2570399,855922,695642,26303,125.2503,578089,674414,57.8089,67.4414,38.9579,16.4453,60.3496,2.6303,299.7502,321885,2675617,32.1885,267.5617,218.082,69.1469,9.2146
320000,江苏省,2007,408.9904,895126.551146483,3194777.12501567,2484875,823314,642985,29168,119.9155,573519,625636,57.3519,62.5636,36.7095,16.9017,56.437,2.9168,289.07487861339,321607.680024942,2569141.10610895,32.1608,256.9141,211.778,65.4297,7.8615
320000,江苏省,2006,398.5458,896666.440818992,3138830,2515999,763643,646277,19202,117.165,584386,606369,58.4386,60.6369,36.0158,18.6259,55.9129,1.9202,281.380842003685,326902,2532461,32.6902,253.2461,215.5841,57.7384,8.7148
320000,江苏省,2005,388.6555,911901,2974654,2458592,699127,599361,18683,113.4311,582813,551498,58.2813,55.1498,38.0685,15.4402,51.0846,1.8683,275.2244,329088,2423156,32.9088,242.3156,207.7907,54.4725,8.8515
320000,江苏省,2004,366.1285,902180,2759105,2315224,668496,558373,17434,107.3982,589404,484578,58.9404,48.4578,37.4175,15.207,46.4981,1.7434,258.7303,312776,2274527,31.2776,227.4527,194.1049,51.6426,9.3392
320000,江苏省,2003,342.9302,933760,2495542,2220755,578031,513920,14291,98.1715,572315,409400,57.2315,40.94,36.2791,12.0998,41.5229,1.4291,244.7587,361445,2086142,36.1445,208.6142,185.7964,45.7033,9.8691
320000,江苏省,2002,334.4167,886146,2458021,2219547,579269,471088,10910,97.0773,606572,364201,60.7,36.4,39.1153,13.7628,37.3654,1.091,237.3394,279574,2093820,28.0,209.4,182.8394,44.1641,9.7434
320000,江苏省,2001,320.8522,916036,2292486,2208699,504772,437530,10847,94.1014,639658,301356,63.9658,30.1356,41.0689,13.3976,34.1913,1.0847,226.7508,276378,1991130,27.6378,199.113,179.801,37.0796,9.5617
320000,江苏省,2000,308.7902,956824,2131078,2209563,444235,331393,8416,90.8688,659967,248721,65.9967,24.8721,43.4336,12.9226,29.7795,0.8416,217.9214,296857,1882357,29.6857,188.2357,177.5227,31.5009,3.3598
330000,浙江省,2019,576.7227,3325616,2441611,3314906,1001452,1062958,100024,443.6164,3165807,1270357,316.5807,127.0357,231.6913,83.4839,102.506,9.9594,133.1063,159809,1171254,15.9809,117.1254,99.7993,16.6613,3.7898
330000,浙江省,2018,589.6129,,,,,,,463.2465,,,342.3492,120.8973,254.1873,86.3899,98.0106,8.9274,126.3664,,,13.0628,113.3036,95.9118,14.5683,3.3849
330000,浙江省,2017,594.4516,,,,,,,472.3721,,,356.1163,116.2558,262.5997,90.2764,94.9117,7.4613,122.0795,,,11.3524,110.7271,91.6872,13.8344,3.3531
330000,浙江省,2016,604.5404,3976371,2069033,3617902,1154400,869517,55245,490.2738,3885036,1017702,388.5036,101.7702,278.6152,102.1746,83.8722,5.5129,114.2666,91335,1051331,9.1335,105.1331,83.175,13.2654,3.0795
330000,浙江省,2015,597.8341,4025395,1952946,3609165,1172781,800315,51603,487.0397,3936966,933431,393.6966,93.3431,282.8964,103.9405,76.9971,5.1463,110.7944,88429,1019515,8.8429,101.9515,78.0201,13.3376,3.0344
330000,浙江省,2014,574.1734,3866342,1875392,3411579,1165001,769313,48390,467.333,3775390,897940,377.539,89.794,267.7255,103.3555,73.7834,4.8264,106.8404,90952,977452,9.0952,97.7452,73.4324,13.1446,3.1479
330000,浙江省,2013,550.8186,3655968,1852218,3210033,1127234,755301,48108,443.1886,3560186,871700,356.0186,87.17,250.5759,98.0348,71.5936,4.8006,107.63,95782,980518,9.5782,98.0518,70.4274,14.6886,3.9365
330000,浙江省,2012,539.5806,3550673,1845133,3138147,1097227,741100,49629,431.2434,3451070,861364,345.107,86.1364,243.5663,94.1175,69.9891,4.9556,108.3372,99603,983769,9.9603,98.3769,70.2484,15.6052,4.1209
330000,浙江省,2011,515.8098,3363415,1794683,3049459,988893,727687,48076,410.9846,3264905,844941,326.4905,84.4941,237.5001,82.5436,68.2126,4.8018,104.8252,98510,949742,9.851,94.9742,67.4458,16.3457,4.5561
330000,浙江省,2010,477.9502,3078752,1700750,2609663,932667,720766,44492,381.2332,2986602,825730,298.7,82.6,198.6785,78.0922,67.6171,4.4471,96.717,92150,875020,9.2,87.5,62.2878,15.1745,4.4595
330000,浙江省,2009,440.3134,2863853,1539281,2440367,880140,670478,42169,353.8075,2773510,764565,277.351,76.4565,187.62,75.2358,62.4856,4.2169,86.5059,90343,774716,9.0343,77.4716,56.4167,12.7782,4.5622
330000,浙江省,2008,418.79,2626178,1561722,2201512,802766,713262,34909,337.6004,2545219,830785,254.5219,83.0785,167.0078,67.2097,67.7633,3.4909,81.1896,80959,730937,8.0959,73.0937,53.1434,13.0669,3.5629
330000,浙江省,2007,415.134,2601047.63338679,1550293.29142259,2138070,845828,736024,41952,337.6194,2514920,861274,251.492,86.1274,164.9562,69.9708,69.4478,4.1952,77.5146645711296,86127.4050790329,689019.240632263,8.6127,68.9019,48.8508,14.612,4.1546
330000,浙江省,2006,418.0117,2766577.61575629,1641201,2639993,1034552,772847,41187,344.9601,3119084,886147,311.9084,88.6147,207.2271,89.734,72.653,4.1187,73.0515424399341,93108,755054,9.3108,75.5054,56.7722,13.7212,4.6317
330000,浙江省,2005,483.7669,3235886,1601783,2645208,986367,775196,34599,402.368,3142573,881107,314.2573,88.1107,208.6061,86.9529,72.7194,3.4599,81.3989,93313,720676,9.3313,72.0676,55.9147,11.6838,4.8002
330000,浙江省,2004,493.5288,3311320,1623968,2563271,959737,812044,43413,414.9798,3220358,929440,322.0358,92.944,202.06,85.0844,76.3123,4.3413,78.549,90962,694528,9.0962,69.4528,54.2671,10.8893,4.8921
330000,浙江省,2003,482.8206,3227127,1601079,2627303,921579,1079580,38582,406.0015,3141511,918504,314.1511,91.8504,208.4516,82.0775,103.4764,3.8582,76.8191,85616,682575,8.5616,68.2575,54.2787,10.0804,4.4816
330000,浙江省,2002,480.6837,3323204,1483633,2736144,963863,1022168,32309,409.3332,3241799,851533,324.2,85.2,218.9165,88.7019,98.0897,3.2309,71.3505,81405,632100,8.1,63.2,54.6979,7.6844,4.1271
330000,浙江省,2001,472.8529,3370291,1358238,2742391,942527,961047,28309,406.9625,3293072,776553,329.3072,77.6553,222.9608,88.4759,91.6219,2.8309,65.8904,77219,581685,7.7219,58.1685,51.2783,5.7768,4.4828
330000,浙江省,2000,469.5144,3472073,1223071,2720881,958798,950613,27225,410.4595,3395749,708846,339.5749,70.8846,225.1514,91.3549,90.5629,2.7225,59.0549,76324,514225,7.6324,51.4225,46.9367,4.5249,4.4984
340000,安徽省,2019,231.4603,205079,2109524,1652438,543333,67913,,,,,,,,,,,231.4603,205079,2109524,20.5079,210.9524,165.2438,54.3333,6.7913
340000,安徽省,2018,224.9625,,,,,,,,,,,,,,,,224.9625,,,25.9126,199.0499,169.7805,42.4777,7.986
340000,安徽省,2017,217.9632,,,,,,,,,,,,,,,,217.9632,,,27.8508,190.1124,169.3601,35.2179,8.8653
340000,安徽省,2016,235.7964,308754,2049210,1861756,349839,97079,,0.0,,,,,,,,,235.7964,308754,2049210,30.8754,204.921,186.1756,34.9839,9.7079
340000,安徽省,2015,230.4261,316388,1987873,1842231,326959,88344,,,,,,,,,,,230.4261,316388,1987873,31.6388,198.7873,184.2231,32.6959,8.8344
340000,安徽省,2014,223.6864,328456,1908408,1785856,318361,87580,210,,,,,,,,,,223.6864,328456,1908408,32.8456,190.8408,178.5856,31.8361,8.758
340000,安徽省,2013,215.5341,325049,1830292,1713382,309501,88674,220,,,,,,,,,,215.5341,325049,1830292,32.5049,183.0292,171.3382,30.9501,8.8674
340000,安徽省,2012,207.4938,323494,1751444,1639520,308606,86560,,,,,,,,,,,207.4938,323494,1751444,32.3494,175.1444,163.952,30.8606,8.656
340000,安徽省,2011,199.5505,319290,1676215,1573976,299093,86258,,,,,,,,,,,199.5505,319290,1676215,31.929,167.6215,157.3976,29.9093,8.6258
340000,安徽省,2010,193.3118,315877,1617241,1529311,287587,79541,,,,,,,,,,,193.3118,315877,1617241,31.6,161.7,152.9311,28.7587,7.9541
340000,安徽省,2009,183.1462,307285,1524177,1439066,273716,82156,,,,,,,,,,,183.1462,307285,1524177,30.7285,152.4177,143.9066,27.3716,8.2156
340000,安徽省,2008,172.2849,310113,1412736,1354939,246607,87629,,,,,,,,,,,172.2849,310113,1412736,31.0113,141.2736,135.4939,24.6607,8.7629
340000,安徽省,2007,166.4533,311745.270611126,1352788.17390272,1312267,231855,91144,,,,,,,,,,,166.453344451385,311745.270611126,1352788.17390272,31.1745,135.2788,131.2267,23.1855,9.1144
340000,安徽省,2006,156.5179,295341.955592733,1514917,1482157,237242,106000,,,,,,,0.0,0,0,0,156.517902893177,351746,1514917,35.1746,151.4917,148.2157,23.7242,10.6
340000,安徽省,2005,177.5721,378756,1396965,1435646,203671,98974,,,,,,,,,,,177.5721,378756,1396965,37.8756,139.6965,143.5646,20.3671,9.8974
340000,安徽省,2004,171.3259,357559,1355700,1388290,198142,100324,,,,,,,,,,,171.3259,357559,1355700,35.7559,135.57,138.829,19.8142,10.0324
340000,安徽省,2003,165.2645,404620,1248025,1334902,187698,103782,,,,,,,,,,,165.2645,404620,1248025,40.462,124.8025,133.4902,18.7698,10.3782
340000,安徽省,2002,163.3857,328103,1305754,1294371,184724,103993,,,,,,,,,,,163.3857,328103,1305754,32.8,130.6,129.4371,18.4724,10.3993
340000,安徽省,2001,159.9418,332676,1266742,1287833,163044,102409,,,,,,,,,,,159.9418,332676,1266742,33.2676,126.6742,128.7833,16.3044,10.2409
340000,安徽省,2000,159.8002,316896,1281106,1313639,149103,88789,,,,,,,,,,,159.8002,316896,1281106,31.6896,128.1106,131.3639,14.9103,8.8789
350000,福建省,2019,814.5763,2199222,5946541,2865422,595973,3319448,1189402,723.5283,2128121,5107162,212.8121,510.7162,211.0839,49.9636,327.1992,118.9338,91.048,71101,839379,7.1101,83.9379,75.4583,9.6337,4.7456
350000,福建省,2018,783.8917,,,,,,,696.8161,,,217.9864,478.8297,210.8295,50.6832,306.5971,112.0449,87.0756,,,6.9876,80.088,71.9147,8.4082,4.7599
350000,福建省,2017,744.5737,,,,,,,662.458,,,217.1408,445.3172,206.8958,51.1473,285.7367,103.348,82.1157,,,6.8925,75.2232,68.3365,7.4499,4.6522
350000,福建省,2016,767.7846,2417845,5260001,2990635,636905,2874543,982545,665.2871,2329056,4323815,232.9056,432.3815,213.7411,54.7012,281.4868,98.1551,102.4975,88789,936186,8.8789,93.6186,85.3224,8.9893,5.9675
350000,福建省,2015,733.8969,2409521,4929448,2924602,606861,2720273,897702,636.3218,2321917,4041301,232.1917,404.1301,211.2835,52.3292,266.1333,89.6791,97.5751,87604,888147,8.7604,88.8147,81.1767,8.3569,5.894
350000,福建省,2014,695.8361,2326974,4631387,2773930,572322,2612163,815902,603.3847,2239549,3794298,223.9549,379.4298,200.3934,49.5176,255.6808,81.5156,92.4514,87425,837089,8.7425,83.7089,76.9996,7.7146,5.5355
350000,福建省,2013,658.4802,2252914,4331888,2641105,528312,2462611,777209,571.6786,2167826,3548960,216.7826,354.896,191.5918,45.7391,241.0641,77.6514,86.8016,85088,782928,8.5088,78.2928,72.5187,7.0921,5.197
350000,福建省,2012,628.6826,2225633,4061193,2553679,508933,2345993,711412,546.6075,2139480,3326595,213.948,332.6595,186.6229,44.0506,229.9217,71.0719,82.0751,86153,734598,8.6153,73.4598,68.745,6.8427,4.6776
350000,福建省,2011,603.7385,2184912,3852473,2474782,462519,2324349,630904,526.1619,2100130,3161489,210.013,316.1489,182.1687,40.4439,227.6548,63.0215,77.5766,84782,690984,8.4782,69.0984,65.3095,5.808,4.7801
350000,福建省,2010,586.9567,2170909,3698658,2246090,436302,2269802,599916,512.7982,2088992,3038990,208.9,303.9,161.9246,38.5259,222.1429,59.9357,74.1585,81917,659668,8.2,66.0,62.6844,5.1043,4.8373
350000,福建省,2009,567.5206,2105985,3569221,2179550,407277,2226525,555435,495.8118,2027864,2930254,202.7864,293.0254,157.1186,36.4668,217.6775,55.5435,71.7088,78121,638967,7.8121,63.8967,60.8364,4.2609,4.975
350000,福建省,2008,542.0,2059071,3360929,2097548,381885,2146583,512634,476.0549,1982728,2777821,198.2728,277.7821,153.9873,34.1038,209.9797,51.2634,65.9451,76343,583108,7.6343,58.3108,55.7675,4.0847,4.6786
350000,福建省,2007,531.995,1999196.96437584,3320752.81325139,2186727,358129,2174202,466896,466.4713,1920960,2743753,192.096,274.3753,162.1617,32.3999,213.1524,46.6896,65.523772262375,78237.3530388082,577000.369584942,7.8237,57.7,56.511,3.413,4.2678
350000,福建省,2006,523.5931,1969426.12404052,3744014,2426609,388475,2513743,502331,461.478,2169678,3118800,216.9678,311.88,181.6829,35.2325,246.3648,50.2331,62.1150952508592,87259,625214,8.7259,62.5214,60.978,3.615,5.0095
350000,福建省,2005,602.2167,2306663,3715504,2470082,392675,2527499,468311,531.8809,2221438,3097371,222.1438,309.7371,186.8474,35.5546,247.82,46.8311,70.3358,85225,618133,8.5225,61.8133,60.1608,3.7129,4.9299
350000,福建省,2004,591.2117,2317846,3594271,2421713,383164,2485781,443255,523.2746,2233279,2999467,223.3279,299.9467,184.6631,34.6545,243.4884,44.3255,67.9371,84567,594804,8.4567,59.4804,57.5082,3.6619,5.0897
350000,福建省,2003,572.7725,2296209,3431516,2342781,406078,2387332,417187,507.8732,2212006,2866726,221.2006,286.6726,179.0121,37.2761,234.2485,41.7187,64.8993,84203,564790,8.4203,56.479,55.266,3.3317,4.4847
350000,福建省,2002,558.7142,2197343,3389799,2292278,385424,2462011,386656,494.7843,2118278,2829565,211.8,283.0,175.4321,35.3351,240.8425,38.6656,63.9299,79065,560234,7.9,56.0,53.7957,3.2073,5.3586
350000,福建省,2001,542.4862,2171745,3253117,2223689,370778,2426331,345639,481.8225,2092126,2726099,209.2126,272.6099,170.5023,35.063,237.5523,34.5639,60.6637,79619,527018,7.9619,52.7018,51.8666,2.0148,5.0808
350000,福建省,2000,527.8934,2154560,3124374,2169905,369219,2362971,317830,470.5066,2078009,2627057,207.8009,262.7057,166.8816,35.7794,231.8397,31.783,57.3868,76551,497317,7.6551,49.7317,50.1089,1.1425,4.4574
360000,江西省,2019,258.8135,167567,2420568,2231307,213479,61761,1421,,,,,,,,,,258.8135,167567,2420568,16.7567,242.0568,223.1307,21.3479,6.1761
360000,江西省,2018,255.945,,,,,,,,,,,,,,,,255.945,,,22.4007,233.5443,222.7455,18.8008,6.5318
360000,江西省,2017,250.5549,,,,,,,,,,,,,,,,250.5549,,,22.6043,227.9506,220.4519,16.219,6.7587
360000,江西省,2016,271.6146,275390,2440756,2397397,164215,78765,3330,,,,,,,,,,271.6146,275390,2440756,27.539,244.0756,239.7397,16.4215,7.8765
360000,江西省,2015,264.249,264044,2378446,2337111,156681,78181,3438,,,,,,,,,,264.249,264044,2378446,26.4044,237.8446,233.7111,15.6681,7.8181
360000,江西省,2014,253.6613,259832,2276781,2242616,153367,76595,3342,,,,,,,,,,253.6613,259832,2276781,25.9832,227.6781,224.2616,15.3367,7.6595
360000,江西省,2013,242.646,260620,2165840,2136498,154424,74938,3233,,,,,,,,,,242.646,260620,2165840,26.062,216.584,213.6498,15.4424,7.4938
360000,江西省,2012,237.0007,264866,2105141,2087708,153418,72818,3364,,,,,,,,,,237.0007,264866,2105141,26.4866,210.5141,208.7708,15.3418,7.2818
360000,江西省,2011,217.27,244298,1928402,1919608,138138,68926,2401,,,,,,,,,,217.27,244298,1928402,24.4298,192.8402,191.9608,13.8138,6.8926
360000,江西省,2010,215.3405,292513,1860892,1882809,146630,77488,3859,,,,,,,,,,215.3405,292513,1860892,29.3,186.1,188.2809,14.663,7.7488
360000,江西省,2009,201.0503,227510,1782993,1769040,122310,75903,,,,,,,,,,,201.0503,227510,1782993,22.751,178.2993,176.904,12.231,7.5903
360000,江西省,2008,190.3862,241354,1662508,1693686,102017,68921,,,,,,,,,,,190.3862,241354,1662508,24.1354,166.2508,169.3686,10.2017,6.8921
360000,江西省,2007,180.6557,222626.698220706,1583929.87135363,1602608,93891,69888,,,,,,,,,,,180.655656957434,222626.698220706,1583929.87135363,22.2627,158.393,160.2608,9.3891,6.9888
360000,江西省,2006,166.2846,215294.805125869,1570764,1605511,91981,72829,,,,,,,0.0,0,0,0,166.284613062302,234091,1570764,23.4091,157.0764,160.5511,9.1981,7.2829
360000,江西省,2005,168.6648,248929,1437719,1528665,69186,53804,,,,,,,,,,,168.6648,248929,1437719,24.8929,143.7719,152.8665,6.9186,5.3804
360000,江西省,2004,156.3427,231619,1331808,1429868,55981,52940,,,,,,,,,,,156.3427,231619,1331808,23.1619,133.1808,142.9868,5.5981,5.294
360000,江西省,2003,146.0644,230947,1229697,1336046,51604,50899,,,,,,,,,,,146.0644,230947,1229697,23.0947,122.9697,133.6046,5.1604,5.0899
360000,江西省,2002,138.2016,229781,1152235,1285448,35626,43396,,,,,,,,,,,138.2016,229781,1152235,23.0,115.2,128.5448,3.5626,4.3396
360000,江西省,2001,132.2576,228711,1093865,1222060,37032,43645,,,,,,,,,,,132.2576,228711,1093865,22.8711,109.3865,122.206,3.7032,4.3645
360000,江西省,2000,127.1209,232516,1038693,1164203,36672,53008,,,,,,,,,,,127.1209,232516,1038693,23.2516,103.8693,116.4203,3.6672,5.3008
370000,山东省,2019,823.2724,2180391,6052333,2710811,512039,4065472,664184,706.2086,2091101,4970985,209.1101,497.0985,168.1929,38.2006,406.1889,66.4184,117.0638,89290,1081348,8.929,108.1348,102.8882,13.0033,0.3583
370000,山东省,2018,861.4032,,,,,,,736.0685,,,214.983,521.0855,172.0671,38.8707,429.2739,66.6569,125.3347,,,8.2821,117.0526,112.2764,11.9613,0.4311
370000,山东省,2017,868.003,,,,,,,737.1727,,,218.0891,519.0836,176.8166,35.1167,428.0099,66.0344,130.8303,,,8.373,122.4573,121.4973,8.1463,0.4723
370000,山东省,2016,950.1856,2937686,6564170,3708694,497787,4232367,674667,794.9542,2821702,5127840,282.1702,512.784,226.6576,40.3227,422.515,67.4667,155.2314,115984,1436330,11.5984,143.633,144.2118,9.456,0.7217
370000,山东省,2015,931.2693,2853967,6458726,3701617,483306,4067977,667387,774.6994,2751340,4995654,275.134,499.5654,224.0035,39.3606,406.1479,66.7387,156.5699,102627,1463072,10.2627,146.3072,146.1582,8.97,0.6498
370000,山东省,2014,903.7382,2774219,6263163,3627192,488597,3879025,664269,746.1343,2662236,4799107,266.2236,479.9107,215.6295,39.8309,387.265,66.4269,157.6039,111983,1464056,11.1983,146.4056,147.0897,9.0288,0.6375
370000,山东省,2013,863.1599,2570493,6061106,3383289,493619,3732543,590625,699.459,2428240,4566350,242.824,456.635,187.0689,38.7635,372.3315,59.0625,163.7009,142253,1494756,14.2253,149.4756,151.26,10.5984,0.9228
370000,山东省,2012,841.8937,2637611,5781326,3337114,485601,3584338,568262,686.0746,2498303,4362443,249.8303,436.2443,189.7138,38.3242,357.5329,56.8226,155.8191,139308,1418883,13.9308,141.8883,143.9976,10.2359,0.9009
370000,山东省,2011,813.828,2647815,5490465,3285577,487444,3440281,509606,664.7212,2512437,4134775,251.2437,413.4775,191.0047,38.5821,343.1311,50.9405,149.1068,135378,1355690,13.5378,135.569,137.553,10.1623,0.897
370000,山东省,2010,783.8259,2631598,5206661,2922377,511646,3316365,530480,646.3345,2500702,3962643,250.1,396.3,166.4321,40.8386,330.7076,53.0475,137.4914,130896,1244018,13.1,124.4,125.8056,10.326,0.9289
370000,山东省,2009,753.5939,2577933,4958006,2830794,506784,3233741,507490,626.3895,2449591,3814304,244.9591,381.4304,164.2077,43.6019,322.5134,50.749,127.2044,128342,1143702,12.8342,114.3702,118.8717,7.0765,0.8607
370000,山东省,2008,730.3005,2610856,4692149,2819691,539058,3007071,510548,609.4723,2481213,3613510,248.1213,361.351,169.38,46.571,300.1494,51.0548,120.8282,129643,1078639,12.9643,107.8639,112.5891,7.3348,0.5577
370000,山东省,2007,712.7665,2565964.12917314,4567830.97479315,2655801,543627,3005189,518811,598.0743,2445466,3535277,244.5466,353.5277,159.8672,47.0463,299.3642,51.8811,114.692191052596,114367.877097535,1032554.03342843,11.4368,103.2554,105.7129,7.3164,1.1547
370000,山东省,2006,683.7469,2476960.20667292,4756914,2736098,571269,3294151,538673,578.3299,2574098,3735008,257.4098,373.5008,166.9542,50.4666,328.3032,53.8673,105.41706860238,128063,1021906,12.8063,102.1906,106.6556,6.6603,1.1119
370000,山东省,2005,736.1381,2803602,4557779,2753617,526659,3153759,538095,626.1128,2680834,3580294,268.0834,358.0294,173.0402,46.8393,313.986,53.8095,110.0253,122768,977485,12.2768,97.7485,102.3215,5.8266,1.3899
370000,山东省,2004,718.152,2805630,4375890,2747720,535139,2979034,537437,612.097,2702130,3418840,270.213,341.884,176.4466,47.6055,296.4904,53.7437,106.055,103500,957050,10.35,95.705,98.3254,5.9084,1.413
370000,山东省,2003,706.225,2781602,4280642,2818498,536899,2861361,536002,604.1543,2680831,3360712,268.0831,336.0712,186.7444,48.3656,284.8122,53.6002,102.0701,100771,919930,10.0771,91.993,95.1054,5.3243,1.3239
370000,山东省,2002,695.0136,2799318,4150818,2724598,593612,3052455,475718,598.2623,2720554,3262069,272.1,326.2,180.9821,55.6088,304.3735,47.5718,96.7513,78764,888749,7.9,88.9,91.4777,3.7524,0.872
370000,山东省,2001,686.0957,2868788,3992169,2777176,581981,2930068,474672,583.0883,2780226,3050657,278.0226,305.0657,180.363,54.2217,292.0337,47.4672,103.0074,88562,941512,8.8562,94.1512,97.3546,3.9764,0.9731
370000,山东省,2000,698.2259,3168311,3813948,3021941,601644,2789383,458763,595.1085,3078395,2872690,307.8395,287.269,207.8906,53.8033,277.7947,45.8763,103.1174,89916,941258,8.9916,94.1258,94.3035,6.3611,1.1436
410000,河南省,2019,99.0858,112255,878603,899151,77461,5663,5,,,,,,,,,,99.0858,112255,878603,11.2255,87.8603,89.9151,7.7461,0.5663
410000,河南省,2018,98.3817,,,,,,,,,,,,,,,,98.3817,,,10.8321,87.5496,92.1637,5.2686,0.2145
410000,河南省,2017,94.673,,,,,,,,,,,,,,,,94.673,,,11.148,83.525,91.2411,2.6525,0.1542
410000,河南省,2016,128.3546,70597,1212949,1239406,33124,1935,230,,,,,,,,,,128.3546,70597,1212949,7.0597,121.2949,123.9406,3.3124,0.1935
410000,河南省,2015,102.373,51130,972600,990287,25112,1070,189,,,,,,,,,,102.373,51130,972600,5.113,97.26,99.0287,2.5112,0.107
410000,河南省,2014,91.764,49310,868330,887317,22524,731,168,,,,,,,,,,91.764,49310,868330,4.931,86.833,88.7317,2.2524,0.0731
410000,河南省,2013,85.013,46817,803313,822985,20354,693,186,,,,,,,,,,85.013,46817,803313,4.6817,80.3313,82.2985,2.0354,0.0693
410000,河南省,2012,71.721,41567,675643,689215,19054,592,252,,,,,,,,,,71.721,41567,675643,4.1567,67.5643,68.9215,1.9054,0.0592
410000,河南省,2011,65.473,38357,616373,632162,16815,1659,162,,,,,,,,,,65.473,38357,616373,3.8357,61.6373,63.2162,1.6815,0.1659
410000,河南省,2010,57.855,32350,546200,553312,18130,1639,1821,,,,,,,,,,57.855,32350,546200,3.2,54.6,55.3312,1.813,0.1639
410000,河南省,2009,53.765,30597,507053,513242,17889,1551,,,,,,,,,,,53.765,30597,507053,3.0597,50.7053,51.3242,1.7889,0.1551
410000,河南省,2008,50.576,29610,476150,484276,16783,1667,,,,,,,,,,,50.576,29610,476150,2.961,47.615,48.4276,1.6783,0.1667
410000,河南省,2007,45.6794,26548.4871782748,430245.583668021,438096,14539,1216,,,,,,,,,,,45.6794070846296,26548.4871782748,430245.583668021,2.6548,43.0246,43.8096,1.4539,0.1216
410000,河南省,2006,40.9777,25227.0662461099,576495,592945,16223,1099,,,,,0.0,0.0,0.0,0,0,0,40.9776566644088,37819,576495,3.7819,57.6495,59.2945,1.6223,0.1099
410000,河南省,2005,51.678,34569,482211,497481,14453,1428,,,,,,,,,,,51.678,34569,482211,3.4569,48.2211,49.7481,1.4453,0.1428
410000,河南省,2004,42.6958,28604,398354,412631,10311,693,,,,,,,,,,,42.6958,28604,398354,2.8604,39.8354,41.2631,1.0311,0.0693
410000,河南省,2003,38.95,26163,363337,376122,10261,463,,,,,,,,,,,38.95,26163,363337,2.6163,36.3337,37.6122,1.0261,0.0463
410000,河南省,2002,36.2179,21482,340697,347962,9704,1297,,,,,,,,,,,36.2179,21482,340697,2.1,34.1,34.7962,0.9704,0.1297
410000,河南省,2001,31.4631,15601,299030,303719,7287,663,,,,,,,,,,,31.4631,15601,299030,1.5601,29.903,30.3719,0.7287,0.0663
410000,河南省,2000,32.1661,19402,302259,310762,6624,1072,,,,,,,,,,,32.1661,19402,302259,1.9402,30.2259,31.0762,0.6624,0.1072
420000,湖北省,2019,469.5432,161750,4533682,3495470,1126049,6799,,,,,,,,,,,469.5432,161750,4533682,16.175,453.3682,349.547,112.6049,0.6799
420000,湖北省,2018,458.4045,,,,,,,,,,,,,,,,458.4045,,,18.1064,440.2981,349.3098,101.6521,0.8095
420000,湖北省,2017,465.4222,,,,,,,,,,,,,,,,465.4222,,,29.2961,436.1261,369.5296,86.9016,2.248
420000,湖北省,2016,470.8394,190167,4518227,3872792,748715,35407,,,,,,,,,,,470.8394,190167,4518227,19.0167,451.8227,387.2792,74.8715,3.5407
420000,湖北省,2015,455.8863,191002,4367861,3778834,696614,36804,,,,,,,,,,,455.8863,191002,4367861,19.1002,436.7861,377.8834,69.6614,3.6804
420000,湖北省,2014,433.3008,208068,4124940,3596676,650876,40828,,,,,,,,,,,433.3008,208068,4124940,20.8068,412.494,359.6676,65.0876,4.0828
420000,湖北省,2013,410.3732,213035,3890697,3450337,570227,41303,,,,,,,,,,,410.3732,213035,3890697,21.3035,389.0697,345.0337,57.0227,4.1303
420000,湖北省,2012,388.9476,213080,3676396,3301681,507490,41123,,,,,,,,,,,388.9476,213080,3676396,21.308,367.6396,330.1681,50.749,4.1123
420000,湖北省,2011,356.2198,205971,3356227,3086791,400251,41184,,,,,,,,,,,356.2198,205971,3356227,20.5971,335.6227,308.6791,40.0251,4.1184
420000,湖北省,2010,353.0935,263654,3267281,2992310,472778,33491,,,,,,,,,,,353.0935,263654,3267281,26.4,326.7,299.231,47.2778,3.3491
420000,湖北省,2009,333.8896,262154,3076742,2878774,400224,31980,,,,,,,,,,,333.8896,262154,3076742,26.2154,307.6742,287.8774,40.0224,3.198
420000,湖北省,2008,313.3937,302637,2831300,2764565,313330,32311,,,,,,,,,,,313.3937,302637,2831300,30.2637,283.13,276.4565,31.333,3.2311
420000,湖北省,2007,298.0434,363924.896932434,2616509.21213717,2664701,255016,37979,,,,,,,,,,,298.04341090696,363924.896932434,2616509.21213717,36.3925,261.6509,266.4701,25.5016,3.7979
420000,湖北省,2006,282.4355,364032.284606938,2886744,3095615,151457,46779,,,,,0.0,0.0,0.0,0,0,0,282.435549929153,427126,2886744,42.7126,288.6744,309.5615,15.1457,4.6779
420000,湖北省,2005,318.2065,450484,2731581,3008424,112585,42319,,,,,,,,,,,318.2065,450484,2731581,45.0484,273.1581,300.8424,11.2585,4.2319
420000,湖北省,2004,302.13,393660,2627640,2858214,104976,39171,,,,,,,,,,,302.13,393660,2627640,39.366,262.764,285.8214,10.4976,3.9171
420000,湖北省,2003,286.7643,404266,2463377,2708926,104153,37522,,,,,,,,,,,286.7643,404266,2463377,40.4266,246.3377,270.8926,10.4153,3.7522
420000,湖北省,2002,272.0393,389319,2331074,2557459,95532,49875,,,,,,,,,,,272.0393,389319,2331074,38.9,233.1,255.7459,9.5532,4.9875
420000,湖北省,2001,242.1754,313828,2107926,2271264,84827,49699,,,,,,,,,,,242.1754,313828,2107926,31.3828,210.7926,227.1264,8.4827,4.9699
420000,湖北省,2000,234.3402,412233,1931169,2206639,74876,47145,,,,,,,,,,,234.3402,412233,1931169,41.2233,193.1169,220.6639,7.4876,4.7145
430000,湖南省,2019,254.4116,80905,2463211,2136007,342148,16358,,,,,,,,,,,254.4116,80905,2463211,8.0905,246.3211,213.6007,34.2148,1.6358
430000,湖南省,2018,246.9383,,,,,,,,,,,,,,,,246.9383,,,8.9869,237.9514,213.6559,26.8881,1.7345
430000,湖南省,2017,241.5312,,,,,,,,,,,,,,,,241.5312,,,9.4928,232.0384,217.5978,16.7476,2.6796
430000,湖南省,2016,269.5681,108305,2587376,2534993,92815,26142,,,,,,,,,,,269.5681,108305,2587376,10.8305,258.7376,253.4993,9.2815,2.6142
430000,湖南省,2015,259.3776,108939,2484837,2483578,47223,25334,,,,,,,,,,,259.3776,108939,2484837,10.8939,248.4837,248.3578,4.7223,2.5334
430000,湖南省,2014,248.162,107744,2373876,2389943,31805,24351,,,,,,,,,,,248.162,107744,2373876,10.7744,237.3876,238.9943,3.1805,2.4351
430000,湖南省,2013,234.0595,104606,2235989,2254373,31391,23997,,,,,,,,,,,234.0595,104606,2235989,10.4606,223.5989,225.4373,3.1391,2.3997
430000,湖南省,2012,221.4376,104952,2109424,2133573,30609,23227,,,,,,,,,,,221.4376,104952,2109424,10.4952,210.9424,213.3573,3.0609,2.3227
430000,湖南省,2011,199.9353,96375,1902978,1922627,28977,21228,,,,,,,,,,,199.9353,96375,1902978,9.6375,190.2978,192.2627,2.8977,2.1228
430000,湖南省,2010,198.0,96668,1883332,1900155,27340,27517,,,,,,,,,,,198.0,96668,1883332,9.7,188.3,190.0155,2.734,2.7517
430000,湖南省,2009,188.06,110186,1770414,1799364,26833,30536,,,,,,,,,,,188.06,110186,1770414,11.0186,177.0414,179.9364,2.6833,3.0536
430000,湖南省,2008,178.5899,159525,1626374,1700349,30541,33171,,,,,,,,,,,178.5899,159525,1626374,15.9525,162.6374,170.0349,3.0541,3.3171
430000,湖南省,2007,170.0888,154492.791370824,1546395.19612197,1623367,27645,30460,,,,,,,,,,,170.08879874928,154492.791370824,1546395.19612197,15.4493,154.6395,162.3367,2.7645,3.046
430000,湖南省,2006,160.0386,146042.70068331,1678076,1758817,30345,31002,,,,,0.0,0.0,0.0,0,0,0,160.03856422214,168509,1678076,16.8509,167.8076,175.8817,3.0345,3.1002
430000,湖南省,2005,179.2164,185190,1606974,1725019,26809,23825,,,,,,,,,,,179.2164,185190,1606974,18.519,160.6974,172.5019,2.6809,2.3825
430000,湖南省,2004,166.1048,170303,1490745,1586118,25771,19888,,,,,,,,,,,166.1048,170303,1490745,17.0303,149.0745,158.6118,2.5771,1.9888
430000,湖南省,2003,156.5947,175582,1390365,1500712,24360,25332,,,,,,,,,,,156.5947,175582,1390365,17.5582,139.0365,150.0712,2.436,2.5332
430000,湖南省,2002,149.5595,170346,1325249,1428608,28744,23843,,,,,,,,,,,149.5595,170346,1325249,17.0,132.5,142.8608,2.8744,2.3843
430000,湖南省,2001,140.9648,156497,1253151,1349416,23330,25026,,,,,,,,,,,140.9648,156497,1253151,15.6497,125.3151,134.9416,2.333,2.5026
430000,湖南省,2000,133.2133,150442,1181691,1273403,20870,23561,,,,,,,,,,,133.2133,150442,1181691,15.0442,118.1691,127.3403,2.087,2.3561
440000,广东省,2019,866.4017,1372585,7291432,5332026,1101946,1995036,79483,455.4912,1263587,3291325,126.3587,329.1325,158.8229,81.5132,196.4293,7.9481,410.9105,108998,4000107,10.8998,400.0107,374.3797,28.6814,3.0743
440000,广东省,2018,842.4441,,,,,,,449.169,,,132.4431,316.7259,155.7298,79.3713,194.2424,7.9274,393.2751,,,11.5295,381.7456,357.5696,27.0963,3.6467
440000,广东省,2017,833.5387,,,,,,,451.8133,,,148.9063,302.907,160.9659,77.7332,191.5323,8.1666,381.7254,,,12.037,369.6884,345.3474,27.4986,4.685
440000,广东省,2016,873.7893,1648569,7089324,5300789,1087427,2104095,86411,466.3817,1525686,3138131,152.5686,313.8131,162.4437,77.0886,205.6588,8.6391,407.4076,122883,3951193,12.2883,395.1193,367.6352,31.6541,4.7507
440000,广东省,2015,858.2223,1684408,6897815,5228418,1033843,2080787,82996,459.2303,1560126,3032177,156.0126,303.2177,163.3615,72.0369,203.2901,8.2977,398.992,124282,3865638,12.4282,386.5638,359.4803,31.3474,4.7886
440000,广东省,2014,836.3406,1687851,6675555,5060168,1013957,2044858,82193,450.6007,1562026,2943981,156.2026,294.3981,158.7986,71.2174,199.7717,8.2173,385.7399,125825,3731574,12.5825,373.1574,347.2182,30.1783,4.7141
440000,广东省,2013,816.1268,1683846,6477422,4942241,958826,2020120,82786,442.4022,1554002,2870020,155.4002,287.002,159.3396,66.3193,196.9585,8.274,373.7246,129844,3607402,12.9844,360.7402,334.8845,29.5633,5.0535
440000,广东省,2012,789.5004,1696701,6198303,4719350,935830,1989998,78681,432.3435,1566073,2757362,156.6073,275.7362,156.7952,62.9683,192.4803,7.8651,357.1569,130628,3440941,13.0628,344.0941,315.1398,30.6147,6.5195
440000,广东省,2011,762.5332,1654913,5970419,4504513,902577,1969857,71660,418.2257,1526511,2655746,152.6511,265.5746,147.7793,60.1891,190.5124,7.1653,344.3075,128402,3314673,12.8402,331.4673,302.672,30.0686,6.4733
440000,广东省,2010,729.0299,1652942,5637357,4199156,844843,1900033,66188,401.5032,1524344,2490688,152.4,249.1,132.5189,56.9815,183.2209,6.6021,327.5267,128598,3146669,12.9,314.7,287.3967,27.5028,6.7824
440000,广东省,2009,702.5951,1651851,5374100,4029365,826240,1801308,68761,387.1498,1525341,2346157,152.5341,234.6157,126.6847,56.2707,173.5228,6.8761,315.4453,126510,3027943,12.651,302.7943,276.2518,26.3533,6.608
440000,广东省,2008,680.4121,1663205,5140916,3977117,759440,1732123,60056,376.8083,1538310,2229773,153.831,222.9773,131.7264,50.7315,166.5528,6.0056,303.6038,124895,2911143,12.4895,291.1143,265.9853,25.2125,6.6595
440000,广东省,2007,664.3357,1619887.02311947,5023469.86944913,3892898,786506,1786709,43213,373.1201,1501581,2229620,150.1581,222.962,135.0432,51.5166,172.0298,4.3213,291.215644605747,118306.355621085,2793850.09043638,11.8306,279.385,254.2466,27.134,6.6411
440000,广东省,2006,658.8434,1654041.15793838,5422482,4284499,751656,1966014,46912,373.5911,1685640,2419536,168.564,241.9536,152.4103,49.7015,189.0739,4.6912,285.252276243333,131890,3002946,13.189,300.2946,276.0396,25.4641,7.5275
440000,广东省,2005,695.2346,1850739,5101607,4145796,683408,1889520,39171,397.9516,1720459,2259057,172.0459,225.9057,151.6699,46.3135,181.1592,3.9171,297.283,130280,2842550,13.028,284.255,262.9097,22.0273,7.7928
440000,广东省,2004,664.5646,1840288,4805358,3980264,644902,1794016,34014,381.787,1710884,2106986,171.0884,210.6986,149.5536,42.6851,171.8566,3.4014,282.7776,129404,2698372,12.9404,269.8372,248.4728,21.8051,7.545
440000,广东省,2003,648.5465,1949901.9,4535563,3966757.6,588046.3,1776936,36123,379.2069,1819063,1973006,181.9063,197.3006,158.74,39.7037,170.2718,3.6123,269.33959,130838.9,2562557,13.08389,256.2557,237.93576,19.10093,7.4218
440000,广东省,2002,628.0635,1980269,4300366,3871824,508169,1716776,33168,374.3593,1847227,1896366,184.7,189.6,162.3354,36.9707,164.3346,3.3168,253.7042,133042,2404000,13.3,240.4,224.847,13.8462,7.343
440000,广东省,2001,609.6725,2013011,4083714,3863459,440873,1636056,25208,367.07,1880226,1790474,188.0226,179.0474,166.1504,34.8501,156.5535,2.5208,242.6025,132785,2293240,13.2785,229.324,220.1955,9.2372,7.0521
440000,广东省,2000,593.1865,2049982,3881883,3806061,372528,1600612,24118,360.4525,1914781,1689744,191.4781,168.9744,168.57,30.7598,152.5839,2.4118,232.734,135201,2192139,13.5201,219.2139,212.0361,6.493,7.4773
450000,广西壮族自治区,2019,342.1459,659995,2761464,1752194,480857,1080791,,199.4915,568945,1425970,56.8945,142.597,38.1393,46.8575,106.5718,,142.6544,91050,1335494,9.105,133.5494,137.0801,1.2282,1.5073
450000,广西壮族自治区,2018,331.9989,,,,,,,194.4161,,,58.0979,136.3182,39.1753,43.9218,103.2057,,137.5828,,,9.313,128.2698,132.6352,1.0048,1.3559
450000,广西壮族自治区,2017,320.7683,,,,,,,191.901,,,61.9658,129.9352,40.8749,43.4241,98.7,,128.8673,,,10.4605,118.4068,124.1207,0.9647,1.2398
450000,广西壮族自治区,2016,361.7653,803270,2814383,2099456,418899,964922,87,187.3182,658647,1214535,65.8647,121.4535,41.9556,40.5666,94.7961,,174.4471,144623,1599848,14.4623,159.9848,167.99,1.3233,1.6961
450000,广西壮族自治区,2015,345.9249,793402,2665847,2011100,396782,916819,81,179.7194,655028,1142166,65.5028,114.2166,41.3573,38.1211,89.988,,166.2055,138374,1523681,13.8374,152.3681,159.7527,1.5571,1.6939
450000,广西壮族自治区,2014,332.3956,787988,2535968,1932051,391212,869139,80,174.4361,653386,1090975,65.3386,109.0975,41.4586,37.6273,85.1907,,157.9595,134602,1444993,13.4602,144.4993,151.7465,1.4939,1.7232
450000,广西壮族自治区,2013,319.3444,785239,2408205,1838982,375064,849633,77,170.9849,653388,1056461,65.3388,105.6461,41.5569,36.0164,83.2495,,148.3595,131851,1351744,13.1851,135.1744,142.3413,1.49,1.7138
450000,广西壮族自治区,2012,303.87,800145,2238555,1762329,350804,797677,75,164.7922,670615,977307,67.0615,97.7307,42.8671,33.6364,78.0421,,139.0778,129530,1261248,12.953,126.1248,133.3658,1.444,1.7256
450000,广西壮族自治区,2011,289.2338,792680,2099658,1677897,325061,766295,72,159.3225,669421,923804,66.9421,92.3804,43.1402,31.134,74.9572,,129.9113,123259,1175854,12.3259,117.5854,124.6495,1.3721,1.6723
450000,广西壮族自治区,2010,275.5053,783944,1971109,1578371,301632,744944,70,154.4481,667073,877408,66.7,87.7,41.7471,28.826,72.8672,,121.0572,116871,1093701,11.7,109.4,116.09,1.3372,1.6272
450000,广西壮族自治区,2009,262.2793,780329,1842464,1515923,294909,705186,,149.0189,667684,822505,66.7684,82.2505,42.5682,28.211,68.8544,,113.2604,112645,1019959,11.2645,101.9959,109.0241,1.2799,1.6642
450000,广西壮族自治区,2008,249.9838,770390,1729448,1445693,276821,678203,,144.0596,664730,775866,66.473,77.5866,42.7543,26.439,66.1435,,105.9242,105660,953582,10.566,95.3582,101.815,1.2431,1.6768
450000,广西壮族自治区,2007,246.056,770852.280445946,1689706.78900264,1395599,275538,694707,219,143.3236,669591,763645,66.9591,76.3645,41.2014,26.2039,67.6611,0.0219,102.732356063247,101261.702778073,926061.857854393,10.1262,92.6062,98.3585,1.3499,1.8096
450000,广西壮族自治区,2006,236.3604,764540.367951134,2005550,1688755,300442,874403,275,141.0937,839773,929735,83.9773,92.9735,53.9461,28.5215,85.3136,0.0275,95.2666616861709,119065,1075815,11.9065,107.5815,114.9294,1.5227,2.1267
450000,广西壮族自治区,2005,284.1935,958934,1883001,1618547,281049,868712,173,173.9581,845786,893795,84.5786,89.3795,55.8786,26.4369,84.9429,0.0173,110.2354,113148,989206,11.3148,98.9206,105.9761,1.668,1.9283
450000,广西壮族自治区,2004,268.8879,909480,1779399,1499031,241899,857374,689,165.805,799488,858562,79.9488,85.8562,51.1365,22.7324,83.7105,0.0689,103.0829,109992,920837,10.9992,92.0837,98.7666,1.4575,2.0269
450000,广西壮族自治区,2003,264.6137,956326,1689811,1524576,214128,859887,628,168.7368,851042,836326,85.1042,83.6326,60.526,20.0784,83.9159,0.0628,95.8769,105284,853485,10.5284,85.3485,91.9316,1.3344,2.0728
450000,广西壮族自治区,2002,255.1456,961801,1589655,1443311,204458,861852,2117,166.4169,862969,801200,86.3,80.1,59.1269,19.4473,84.0871,0.2117,88.7287,98832,788455,9.9,78.8,85.2042,0.9985,2.0981
450000,广西壮族自治区,2001,247.7685,992107,1485578,1394329,189115,844222,,163.9807,893069,746738,89.3069,74.6738,58.8501,17.9149,82.5402,0,83.7878,99038,738840,9.9038,73.884,80.5828,0.9966,1.882
450000,广西壮族自治区,2000,239.8592,979955,1418637,1358336,180360,809909,15,159.4505,888417,706088,88.8417,70.6088,58.6269,17.1003,79.0393,0.0015,80.4087,91538,712549,9.1538,71.2549,77.2067,0.9357,1.9516
460000,海南省,2019,172.1571,1096229,625342,1354593,200062,38730,12242,135.0103,1079148,270955,107.9148,27.0955,99.0155,19.7626,3.7502,1.2242,37.1468,17081,354387,1.7081,35.4387,36.4438,0.2436,0.1228
460000,海南省,2018,175.8188,,,,,,,137.8071,,,108.388,29.4191,100.8578,19.9101,4.5531,2.0388,38.0117,,,1.3256,36.6861,37.3585,0.2653,0.0908
460000,海南省,2017,180.7899,,,,,,,144.8853,,,112.7331,32.1522,102.0773,21.7931,7.1747,2.3755,35.9046,,,1.3295,34.5751,34.9922,0.2432,0.1827
460000,海南省,2016,214.6379,1430472,715907,1724505,209943,72766,40270,168.7184,1407482,279702,140.7482,27.9702,127.5978,20.7274,7.0881,3.952,45.9195,22990,436205,2.299,43.6205,44.8527,0.2669,0.1885
460000,海南省,2015,204.8912,1384011,664901,1641049,196106,76825,39379,161.9757,1360725,259032,136.0725,25.9032,122.2248,19.3511,7.4992,3.8579,42.9155,23286,405869,2.3286,40.5869,41.8801,0.2595,0.1833
460000,海南省,2014,197.4357,1242164,732193,1573523,201105,71882,40148,149.0173,1220091,270082,122.0091,27.0082,109.9817,19.8623,7.0113,3.9318,48.4184,22073,462111,2.2073,46.2111,47.3706,0.2482,0.1769
460000,海南省,2013,183.1423,1142801,688622,1464793,186976,58469,36959,136.9335,1121263,248072,112.1263,24.8072,101.7059,18.4472,5.66,3.6317,46.2088,21538,440550,2.1538,44.055,44.7734,0.2504,0.1869
460000,海南省,2012,172.734,1130702,596638,1388106,167917,54833,34058,132.5427,1109325,216102,110.9325,21.6102,99.9486,16.5628,5.2989,3.3479,40.1913,21377,380536,2.1377,38.0536,38.862,0.2289,0.1844
460000,海南省,2011,160.2445,1071315,531130,1290557,151524,50492,31953,124.042,1050300,190120,105.03,19.012,94.1309,14.9332,4.8662,3.1396,36.2025,21015,341010,2.1015,34.101,34.9248,0.2192,0.183
460000,海南省,2010,149.48,1014225,480575,1194103,146418,48776,30976,117.8877,994715,184162,99.5,18.4,89.0528,14.4392,4.7075,3.0437,31.5923,19510,296413,2.0,29.6,30.3575,0.2026,0.1701
460000,海南省,2009,145.4899,980357,474542,1167423,141997,46328,28352,114.2795,961122,181673,96.1122,18.1673,86.7483,14.0064,4.4459,2.8352,31.2104,19235,292869,1.9235,29.2869,29.994,0.1933,0.1869
460000,海南省,2008,139.4,958663,435337,1117987,135970,38093,31624,110.8844,938789,170055,93.8789,17.0055,84.5376,13.403,3.6258,3.1624,28.5156,19874,265282,1.9874,26.5282,27.2611,0.194,0.1835
460000,海南省,2007,132.2724,925183.947717129,397539.977534704,999983,166168,47079,33822,108.0586,907114,173472,90.7114,17.3472,76.8495,16.4845,4.4609,3.3822,24.2137986316592,18069.9989788502,224067.987337742,1.807,22.4068,23.1488,0.1323,0.247
460000,海南省,2006,120.0131,860009.798200171,470084,1272798,205197,70875,43286,99.7717,1165104,215246,116.5104,21.5246,100.802,20.3314,6.6016,4.3286,20.2413623361447,24727,254838,2.4727,25.4838,26.4778,0.1883,0.4859
460000,海南省,2005,150.012932,1104054,396075.32,1127244,189000,67223,48062,127.056132,1079799,190762.32,107.9799,19.076232,91.152,18.7525,6.3966,4.8062,22.9568,24255,205313,2.4255,20.5313,21.5724,0.1475,0.3257
460000,海南省,2004,135.8484,1015153,343331,1026639,159514,58128,45269,115.052,990365,160155,99.0365,16.0155,83.5029,15.6423,5.4451,4.5269,20.7964,24788,183176,2.4788,18.3176,19.161,0.3091,0.3677
460000,海南省,2003,123.069,918280,312410,937807,142546,62420,39874,104.5128,895610,149518,89.561,14.9518,76.8959,13.8756,5.9291,3.9874,18.5562,22670,162892,2.267,16.2892,16.8848,0.379,0.3129
460000,海南省,2002,109.2951,811688,281263,800969,118420,112691,43633,91.8621,789122,129499,78.9,12.9,65.9121,11.6571,8.2058,4.3633,17.433,22566,151764,2.3,15.2,14.1848,0.1849,3.0633
460000,海南省,2001,95.5778,711782,243996,730650,87664,68018,39478,79.5664,691178,104486,69.1178,10.4486,59.3212,8.3551,6.5226,3.9478,16.0114,20604,139510,2.0604,13.951,13.7438,0.4113,0.2792
460000,海南省,2000,83.0642,618961,211681,646908,59146,61307,35377,67.586,598853,77007,59.8853,7.7007,51.3312,5.776,5.9058,3.5377,15.4782,20108,134674,2.0108,13.4674,13.3596,0.1386,0.2249
500000,重庆市,2019,54.1717,17601,524116,524790,11014,278,,,,,,,,,,,54.1717,17601,524116,1.7601,52.4116,52.479,1.1014,0.0278
500000,重庆市,2018,52.9581,,,,,,,,,,,,,,,,52.9581,,,1.8835,51.0746,51.7056,0.7661,0.0288
500000,重庆市,2017,51.513,,,,,,,,,,,,,,,,51.513,,,1.8943,49.6187,50.6499,0.5154,0.0404
500000,重庆市,2016,50.8427,20379,488048,501670,4158,425,,,,,,,,,,,50.8427,20379,488048,2.0379,48.8048,50.167,0.4158,0.0425
500000,重庆市,2015,48.0863,20358,460505,475224,3413,456,,,,,,,,,,,48.0863,20358,460505,2.0358,46.0505,47.5224,0.3413,0.0456
500000,重庆市,2014,44.3409,20333,423076,438735,2988,456,,,,,,,,,,,44.3409,20333,423076,2.0333,42.3076,43.8735,0.2988,0.0456
500000,重庆市,2013,38.5,14800,370200,380958,2215,472,,,,,,,,,,,38.5,14800,370200,1.48,37.02,38.0958,0.2215,0.0472
500000,重庆市,2012,33.072,14898,315822,327706,1931,460,,,,,,,,,,,33.072,14898,315822,1.4898,31.5822,32.7706,0.1931,0.046
500000,重庆市,2011,27.56,12955,262645,273217,1553,310,,,,,,,,,,,27.56,12955,262645,1.2955,26.2645,27.3217,0.1553,0.031
500000,重庆市,2010,22.43,10955,213345,222395,1114,236,,,,,,,,,,,22.43,10955,213345,1.1,21.3,22.2395,0.1114,0.0236
500000,重庆市,2009,20.39,9880,194020,202314,788,452,,,,,,,,,,,20.39,9880,194020,0.988,19.402,20.2314,0.0788,0.0452
500000,重庆市,2008,19.06,9862,180738,188866,758,560,,,,,,,,,,,19.06,9862,180738,0.9862,18.0738,18.8866,0.0758,0.056
500000,重庆市,2007,18.526,9834.24544742318,175426.224337126,177526,652,793,,,,,,,,,,,18.5260469784549,9834.24544742318,175426.224337126,0.9834,17.5426,17.7526,0.0652,0.0793
500000,重庆市,2006,16.4046,8839.64892127851,213944,222685,664,1750,,,,,0.0,0.0,0.0,0,0,0,16.4046037826819,12185,213944,1.2185,21.3944,22.2685,0.0664,0.175
500000,重庆市,2005,25.0568,13005,237563,246658,762,2022,,,,,,,,,,,25.0568,13005,237563,1.3005,23.7563,24.6658,0.0762,0.2022
500000,重庆市,2004,23.4134,12912,221222,230154,878,1858,,,,,,,,,,,23.4134,12912,221222,1.2912,22.1222,23.0154,0.0878,0.1858
500000,重庆市,2003,22.4893,12238,212655,219960,1238,2454,,,,,,,,,,,22.4893,12238,212655,1.2238,21.2655,21.996,0.1238,0.2454
500000,重庆市,2002,21.1568,12317,199251,206805,591,2225,,,,,,,,,,,21.1568,12317,199251,1.2,19.9,20.6805,0.0591,0.2225
500000,重庆市,2001,19.6967,12567,184400,193749,416,1256,,,,,,,,,,,19.6967,12567,184400,1.2567,18.44,19.3749,0.0416,0.1256
500000,重庆市,2000,20.0345,12831,187514,197358,352,1278,,,,,,,,,,,20.0345,12831,187514,1.2831,18.7514,19.7358,0.0352,0.1278
510000,四川省,2019,157.6856,38854,1538002,1526513,38716,2518,,,,,,,,,,,157.6856,38854,1538002,3.8854,153.8002,152.6513,3.8716,0.2518
510000,四川省,2018,153.4754,,,,,,,,,,,,,,,,153.4754,,,4.5396,148.9358,150.4001,1.8877,0.3241
510000,四川省,2017,150.7396,,,,,,,,,,,,,,,,150.7396,,,5.3783,145.3613,148.297,1.2368,0.4129
510000,四川省,2016,145.4388,58638,1395750,1434602,8675,4340,,,,,,,,,,,145.4388,58638,1395750,5.8638,139.575,143.4602,0.8675,0.434
510000,四川省,2015,138.685,59648,1327202,1367549,8003,4169,,,,,,,,,,,138.685,59648,1327202,5.9648,132.7202,136.7549,0.8003,0.4169
510000,四川省,2014,132.6349,60160,1266189,1307361,7763,4178,,,,,,,,,,,132.6349,60160,1266189,6.016,126.6189,130.7361,0.7763,0.4178
510000,四川省,2013,126.0578,60000,1200578,1242174,7550,4150,,,,,,,,,,,126.0578,60000,1200578,6.0,120.0578,124.2174,0.755,0.415
510000,四川省,2012,118.9102,60321,1128781,1172132,6919,4052,,,,,,,,,,,118.9102,60321,1128781,6.0321,112.8781,117.2132,0.6919,0.4052
510000,四川省,2011,112.1464,59191,1062273,1104106,7567,4060,,,,,,,,,,,112.1464,59191,1062273,5.9191,106.2273,110.4106,0.7567,0.406
510000,四川省,2010,105.0635,58030,992605,1033117,6860,4821,,,,,,,,,,,105.0635,58030,992605,5.8,99.3,103.3117,0.686,0.4821
510000,四川省,2009,100.1317,57679,943638,983430,6169,5046,,,,,,,,,,,100.1317,57679,943638,5.7679,94.3638,98.343,0.6169,0.5046
510000,四川省,2008,95.2046,58122,893924,931883,5923,5288,,,,,,,,,,,95.2046,58122,893924,5.8122,89.3924,93.1883,0.5923,0.5288
510000,四川省,2007,91.0526,62209.2642706995,848316.956672077,891702,5513,5891,,,,,,,,,,,91.0526220942776,62209.2642706995,848316.956672077,6.2209,84.8317,89.1702,0.5513,0.5891
510000,四川省,2006,81.304,57185.6288555615,1006424,1065288,6029,5301,,,,,0.0,0.0,0.0,0,0,0,81.303960539089,76143,1006424,7.6143,100.6424,106.5288,0.6029,0.5301
510000,四川省,2005,98.249,69112,913378,964779,5693,5639,,,,,,,,,,,98.249,69112,913378,6.9112,91.3378,96.4779,0.5693,0.5639
510000,四川省,2004,86.115,61295,799855,846213,4774,4732,,,,,,,,,,,86.115,61295,799855,6.1295,79.9855,84.6213,0.4774,0.4732
510000,四川省,2003,76.4047,56853,707194,745688,4515,6300,,,,,,,,,,,76.4047,56853,707194,5.6853,70.7194,74.5688,0.4515,0.63
510000,四川省,2002,64.8436,50154,598282,638540,2580,2172,,,,,,,,,,,64.8436,50154,598282,5.0,59.8,63.854,0.258,0.2172
510000,四川省,2001,57.1245,44772,526473,565335,1360,1102,,,,,,,,,,,57.1245,44772,526473,4.4772,52.6473,56.5335,0.136,0.1102
510000,四川省,2000,51.3068,38060,475008,505751,1298,1238,,,,,,,,,,,51.3068,38060,475008,3.806,47.5008,50.5751,0.1298,0.1238
520000,贵州省,2019,24.3623,10599,233024,237084,4203,1288,,,,,,,,,,,24.3623,10599,233024,1.0599,23.3024,23.7084,0.4203,0.1288
520000,贵州省,2018,23.732,,,,,,,,,,,,,,,,23.732,,,1.0938,22.6382,23.4089,0.2191,0.0283
520000,贵州省,2017,25.4782,,,,,,,,,,,,,,,,25.4782,,,1.152,24.3262,25.1732,0.217,0.0249
520000,贵州省,2016,28.989,14063,275827,285383,3111,266,,,,,,,,,,,28.989,14063,275827,1.4063,27.5827,28.5383,0.3111,0.0266
520000,贵州省,2015,24.9762,13902,235860,245735,2759,327,,,,,,,,,,,24.9762,13902,235860,1.3902,23.586,24.5735,0.2759,0.0327
520000,贵州省,2014,20.994,13900,196040,206203,2992,389,,,,,,,,,,,20.994,13900,196040,1.39,19.604,20.6203,0.2992,0.0389
520000,贵州省,2013,16.6997,14000,152997,163725,2310,517,,,,,,,,,,,16.6997,14000,152997,1.4,15.2997,16.3725,0.231,0.0517
520000,贵州省,2012,13.4675,14286,120389,130436,1947,590,,,,,,,,,,,13.4675,14286,120389,1.4286,12.0389,13.0436,0.1947,0.059
520000,贵州省,2011,10.8802,13698,95104,106630,1714,374,,,,,,,,,,,10.8802,13698,95104,1.3698,9.5104,10.663,0.1714,0.0374
520000,贵州省,2010,8.79,12062,75838,85782,1706,381,,,,,,,,,,,8.79,12062,75838,1.2,7.6,8.5782,0.1706,0.0381
520000,贵州省,2009,8.03,11041,69259,78428,1484,354,,,,,,,,,,,8.03,11041,69259,1.1041,6.9259,7.8428,0.1484,0.0354
520000,贵州省,2008,7.8,11391,66609,76118,1499,350,,,,,,,,,,,7.8,11391,66609,1.1391,6.6609,7.6118,0.1499,0.035
520000,贵州省,2007,7.6798,11274.9122623509,65522.8571216838,75051,1316,349,,,,,,,,,,,7.67977693840347,11274.9122623509,65522.8571216838,1.1275,6.5523,7.5051,0.1316,0.0349
520000,贵州省,2006,6.7056,8887.42297112064,98332,110740,2036,469,,,,,0.0,0.0,0.0,0,0,0,6.70555589932342,15024,98332,1.5024,9.8332,11.074,0.2036,0.0469
520000,贵州省,2005,9.4589,12250,82339,92248,1827,428,,,,,,,,,,,9.4589,12250,82339,1.225,8.2339,9.2248,0.1827,0.0428
520000,贵州省,2004,8.8475,10855,77620,85987,1970,434,,,,,,,,,,,8.8475,10855,77620,1.0855,7.762,8.5987,0.197,0.0434
520000,贵州省,2003,7.9585,9303,70284,77582,1591,350,,,,,,,,,,,7.9587,9303,70284,0.9303,7.0284,7.7582,0.1591,0.035
520000,贵州省,2002,7.4567,8411,66156,71378,1771,262,,,,,,,,,,,7.4567,8411,66156,0.8,6.6,7.1378,0.1771,0.0262
520000,贵州省,2001,6.8861,8710,60151,66437,1850,254,,,,,,,,,,,6.8861,8710,60151,0.871,6.0151,6.6437,0.185,0.0254
520000,贵州省,2000,6.2387,7969,54418,61659,480,148,,,,,,,,,,,6.2387,7969,54418,0.7969,5.4418,6.1659,0.048,0.0148
530000,云南省,2019,63.65,30363,606137,628434,4781,1585,559,,,,,,,,,,63.65,30363,606137,3.0363,60.6137,62.8434,0.4781,0.1585
530000,云南省,2018,63.75,,,,,,,,,,,,,,,,63.75,,,3.1124,60.6376,62.9531,0.4719,0.1815
530000,云南省,2017,63.1182,,,,,,,,,,,,,,,,63.1182,,,5.5949,57.5233,62.2973,0.3722,0.1684
530000,云南省,2016,74.3663,66865,676798,733749,5065,2036,448,,,,,,,,,,74.3663,66865,676798,6.6865,67.6798,73.3749,0.5065,0.2036
530000,云南省,2015,69.7098,58138,638960,689085,4722,2000,488,,,,,,,,,,69.7098,58138,638960,5.8138,63.896,68.9085,0.4722,0.2
530000,云南省,2014,58.2013,46881,535132,573579,4939,2067,489,,,,,,,,,,58.2013,46881,535132,4.6881,53.5132,57.3579,0.4939,0.2067
530000,云南省,2013,48.63,38247,448053,480071,3381,1315,501,,,,,,,,,,48.63,38247,448053,3.8247,44.8053,48.0071,0.3381,0.1315
530000,云南省,2012,40.12,28322,372878,394861,3239,804,373,,,,,,,,,,40.12,28322,372878,2.8322,37.2878,39.4861,0.3239,0.0804
530000,云南省,2011,34.24,24117,318283,337724,3180,838,333,,,,,,,,,,34.24,24117,318283,2.4117,31.8283,33.7724,0.318,0.0838
530000,云南省,2010,29.7757,23121,274636,292701,2651,1433,483,,,,,,,,,,29.7757,23121,274636,2.3,27.5,29.2701,0.2651,0.1433
530000,云南省,2009,27.1217,23435,247782,265661,4561,308,,,,,,,,,,,27.1217,23435,247782,2.3435,24.7782,26.5661,0.4561,0.0308
530000,云南省,2008,25.4629,23697,230932,249989,4173,281,,,,,,,,,,,25.4629,23697,230932,2.3697,23.0932,24.9989,0.4173,0.0281
530000,云南省,2007,23.6587,21227.6523324333,215359.350937764,232066,3914,229,,,,,,,,,,,23.6587003270198,21227.6523324333,215359.350937764,2.1228,21.5359,23.2066,0.3914,0.0229
530000,云南省,2006,20.7183,20846.4615128455,262989,285172,5988,493,,,,,0.0,0.0,0.0,0,0,0,20.7182878710919,29422,262989,2.9422,26.2989,28.5172,0.5988,0.0493
530000,云南省,2005,23.8488,25844,212644,231483,6267,275,,,,,,,,,,,23.8488,25844,212644,2.5844,21.2644,23.1483,0.6267,0.0275
530000,云南省,2004,22.0498,25370,195128,213220,6152,98,,,,,,,,,,,22.0498,25370,195128,2.537,19.5128,21.322,0.6152,0.0098
530000,云南省,2003,20.4308,24030,180278,198209,4980,523,,,,,,,,,,,20.4308,24030,180278,2.403,18.0278,19.8209,0.498,0.0523
530000,云南省,2002,19.2564,23554,169010,184305,6688,1341,,,,,,,,,,,19.2564,23554,169010,2.4,16.9,18.4305,0.6688,0.1341
530000,云南省,2001,18.0181,21822,158359,172563,6201,1265,,,,,,,,,,,18.0181,21822,158359,2.1822,15.8359,17.2563,0.6201,0.1265
530000,云南省,2000,16.6164,21228,144936,144575,11304,8330,,,,,,,,,,,16.6164,21228,144936,2.1228,14.4936,14.4575,1.1304,0.833
540000,西藏自治区,2019,0.0406,310,96,306,,,,,,,,,,,,,0.0406,310,96,0.031,0.0096,0.0306,,
540000,西藏自治区,2018,0.0377,,,,,,,,,,,,,,,,0.0377,,,0.0334,0.0043,0.0068,,
540000,西藏自治区,2017,0.0454,,,,,,,,,,,,,,,,0.0454,,,0.0383,0.0071,0.0118,,
540000,西藏自治区,2016,0.0912,832,80,166,,,,,,,,,,,,,0.0912,832,80,0.0832,0.008,0.0166,,
540000,西藏自治区,2015,0.034,279,61,277,,,,,,,,,,,,,0.034,279,61,0.0279,0.0061,0.0277,,
540000,西藏自治区,2014,0.034,279,61,277,,,,,,,,,,,,,0.034,279,61,0.0279,0.0061,0.0277,,
540000,西藏自治区,2013,0.04,335,65,324,,,,,,,,,,,,,0.04,335,65,0.0335,0.0065,0.0324,,
540000,西藏自治区,2012,0.04,335,65,328,,,,,,,,,,,,,0.04,335,65,,,0.0328,,
540000,西藏自治区,2011,0.0412,369,43,329,,,,,,,,,,,,,0.0412,369,43,,,0.0329,,
540000,西藏自治区,2010,0.05,428,72,388,0,,,,,,,,,,,,0.05,428,72,,,0.0388,,
540000,西藏自治区,2009,0.05,408,92,430,,,,,,,,,,,,,0.05,408,92,,,0.043,,
540000,西藏自治区,2008,0.05,404,96,434,,,,,,,,,,,,,0.05,404,96,,,0.0434,,
540000,西藏自治区,2007,0.0528,441,87,448,,,,,,,,,,,,,0.0528,441,87,,,0.0448,,
540000,西藏自治区,2006,0.0528,441,87,448,,,,,,,0.0,0.0,0.0,0,0,0,0.0528,441,87,,,0.0448,0.0,0
540000,西藏自治区,2005,0.009269,91.79,0.9,92.69,,,,,,,,,,,,,0.009269,91.79,0.9,,,0.009269,,
540000,西藏自治区,2004,0.0548,512,36,456,,,,,,,,,,,,,0.0548,512,36,0.0512,,0.0456,,
540000,西藏自治区,2003,0.0089,61,28,89,,,,,,,,,,,,,0.0089,61,28,0.0,0.0,0.0089,,
540000,西藏自治区,2002,0.0142,113,29,133,,,,,,,,,,,,,0.0142,113,29,,,0.0133,,
540000,西藏自治区,2001,0.111,89,1021,1110,,,,,,,,,,,,,0.111,89,1021,0.0089,0.1021,0.111,,
540000,西藏自治区,2000,0.18,80,1720,1800,,,,,,,,,,,,,0.18,80,1720,0.008,0.172,0.18,,
610000,陕西省,2019,16.6208,5012,161196,154599,2610,8,,,,,,,,,,,16.6208,5012,161196,0.5012,16.1196,15.4599,0.261,0.0008
610000,陕西省,2018,16.3035,,,,,,,,,,,,,,,,16.3035,,,0.72,15.5835,15.6464,0.0411,0.0008
610000,陕西省,2017,16.303,,,,,,,,,,,,,,,,16.303,,,0.72,15.583,15.6488,0.0397,0.0008
610000,陕西省,2016,15.9,7220,151780,152597,399,5,1,,,,,,,,,,15.9,7220,151780,0.722,15.178,15.2597,0.0399,0.0005
610000,陕西省,2015,15.516,7200,147960,148869,377,5,1,,,,,,,,,,15.516,7200,147960,0.72,14.796,14.8869,0.0377,0.0005
610000,陕西省,2014,13.932,6000,133320,135325,372,6,1,,,,,,,,,,13.932,6000,133320,0.6,13.332,13.5325,0.0372,0.0006
610000,陕西省,2013,12.515,5400,119750,121719,205,20,14,,,,,,,,,,12.515,5400,119750,0.54,11.975,12.1719,0.0205,0.002
610000,陕西省,2012,10.5429,4754,100675,103912,215,36,14,,,,,,,,,,10.5429,4754,100675,0.4754,10.0675,10.3912,0.0215,0.0036
610000,陕西省,2011,8.18,7088,74712,80684,209,28,16,,,,,,,,,,8.18,7088,74712,0.7088,7.4712,8.0684,0.0209,0.0028
610000,陕西省,2010,6.0373,4235,56138,60173,123,,,,,,,,,,,,6.0373,4235,56138,0.4,5.6,6.0173,0.0123,
610000,陕西省,2009,5.6,4154,51846,55824,114,,,,,,,,,,,,5.6,4154,51846,0.4154,5.1846,5.5824,0.0114,
610000,陕西省,2008,5.22,4064,48136,52072,82,,,,,,,,,,,,5.22,4064,48136,0.4064,4.8136,5.2072,0.0082,
610000,陕西省,2007,5.0323,3641.74136478517,46681.1092991535,50067,137,,,,,,,,,,,,5.03228506639387,3641.74136478517,46681.1092991535,0.3642,4.6681,5.0067,0.0137,
610000,陕西省,2006,4.82,2854.69835920889,74781,79244,149,,,,,,0.0,0.0,0.0,0,0,0,4.81981983592089,4708,74781,0.4708,7.4781,7.9244,0.0149,0
610000,陕西省,2005,7.3593,6065,67528,73311,109,,,,,,,,,,,,7.3593,6065,67528,0.6065,6.7528,7.3311,0.0109,
610000,陕西省,2004,7.3686,3886,69800,73359,161,,,,,,,,,,,,7.3686,3886,69800,0.3886,6.98,7.3359,0.0161,
610000,陕西省,2003,6.6682,2951,63731,66366,125,2,,,,,,,,,,,6.6682,2951,63731,0.2951,6.3731,6.6366,0.0125,0.0002
610000,陕西省,2002,6.4109,2856,61253,63559,129,85,,,,,,,,,,,6.4109,2856,61253,0.3,6.1,6.3559,0.0129,0.0085
610000,陕西省,2001,6.3294,3035,60259,62920,80,,,,,,,,,,,,6.3294,3035,60259,0.3035,6.0259,6.292,0.008,
610000,陕西省,2000,6.084,3205,57635,60499,213,,,,,,,,,,,,6.084,3205,57635,0.3205,5.7635,6.0499,0.0213,
620000,甘肃省,2019,1.4353,,14353,14208,127,,,,,,,,,,,,1.4353,,14353,,1.4353,1.4208,0.0127,
620000,甘肃省,2018,1.4136,,,,,,,,,,,,,,,,1.4136,,,,1.4136,1.4039,0.0075,
620000,甘肃省,2017,1.5441,,,,,,,,,,,,,,,,1.5441,,,,1.5441,1.5355,0.0063,
620000,甘肃省,2016,1.5333,,15333,15266,48,,,,,,,,,,,,1.5333,,15333,,1.5333,1.5266,0.0048,
620000,甘肃省,2015,1.4932,,14932,14869,44,,,,,,,,,,,,1.4932,,14932,,1.4932,1.4869,0.0044,
620000,甘肃省,2014,1.4476,,14476,14427,47,,,,,,,,,,,,1.4476,,14476,,1.4476,1.4427,0.0047,
620000,甘肃省,2013,1.3884,,13884,13832,50,,,,,,,,,,,,1.3884,,13884,,1.3884,1.3832,0.005,
620000,甘肃省,2012,1.334,,13340,13262,76,,,,,,,,,,,,1.334,4754,13340,,1.334,1.3262,0.0076,
620000,甘肃省,2011,1.2879,,12879,12829,48,,,,,,,,,,,,1.2879,,12879,,1.2879,1.2829,0.0048,
620000,甘肃省,2010,1.23,,12300,12249,48,,,,,,,,,,,,1.23,0,12300,,1.2,1.2249,0.0048,
620000,甘肃省,2009,1.1926,,11926,11897,25,,,,,,,,,,,,1.1926,,11926,,1.1926,1.1897,0.0025,
620000,甘肃省,2008,1.177,759,11011,11743,24,,,,,,,,,,,,1.177,759,11011,0.0759,1.1011,1.1743,0.0024,
620000,甘肃省,2007,1.1449,739.948952964967,10708,11421,22,4,,,,,,,,,,,1.14490283449671,741,10708,0.0741,1.0708,1.1421,0.0022,0.0004
620000,甘肃省,2006,1.0547,727.135984082457,15329,16422,30,,,,,,0.0,0.0,0.0,0,0,0,1.05476359840825,1135,15329,0.1135,1.5329,1.6422,0.003,0
620000,甘肃省,2005,1.5675,1270,14405,15675,,,,,,,,,,,,,1.5675,1270,14405,0.127,1.4405,1.5675,,
620000,甘肃省,2004,1.4539,880,13659,14469,43,7,,,,,,,,,,,1.4539,880,13659,0.088,1.3659,1.4469,0.0043,0.0007
620000,甘肃省,2003,1.4344,1162,13182,14344,,,,,,,,,,,,,1.4344,1162,13182,0.1162,1.3182,1.4344,,
620000,甘肃省,2002,1.4757,594,14163,14757,,,,,,,,,,,,,1.4757,594,14163,0.1,1.4,1.4757,,
620000,甘肃省,2001,1.4693,556,14137,14693,,,,,,,,,,,,,1.4693,556,14137,0.0556,1.4137,1.4693,,
620000,甘肃省,2000,1.4089,649,13440,14089,,,,,,,,,,,,,1.4089,649,13440,0.0649,1.344,1.4089,,
630000,青海省,2019,1.8526,,18526,18297,229,,,,,,,,,,,,1.8526,,18526,,1.8526,1.8297,0.0229,
630000,青海省,2018,1.7116,,,,,,,,,,,,,,,,1.7116,,,,1.7116,1.6913,0.0203,
630000,青海省,2017,1.6073,,,,,,,,,,,,,,,,1.6073,,,,1.6073,1.5959,0.0114,
630000,青海省,2016,1.205,,12050,11883,167,,,,,,,,,,,,1.205,,12050,,1.205,1.1883,0.0167,
630000,青海省,2015,1.0578,,10578,10438,140,,,,,,,,,,,,1.0578,,10578,,1.0578,1.0438,0.014,
630000,青海省,2014,0.9037,,9037,8901,136,,,,,,,,,,,,0.9037,,9037,,0.9037,0.8901,0.0136,
630000,青海省,2013,0.6,,6000,5875,125,,,,,,,,,,,,0.6,,6000,,0.6,0.5875,0.0125,
630000,青海省,2012,0.452,60,4460,4355,105,,,,,,,,,,,,0.452,60,4460,,0.446,0.4355,0.0105,
630000,青海省,2011,0.3293,63,3230,3153,77,,,,,,,,,,,,0.3293,63,3230,,0.323,0.3153,0.0077,
630000,青海省,2010,0.16,35,1565,1491,74,,,,,,,,,,,,0.16,35,1565,,0.2,0.1491,0.0074,
630000,青海省,2009,0.14,40,1360,1334,26,,,,,,,,,,,,0.14,40,1360,,0.136,0.1334,0.0026,
630000,青海省,2008,0.145,30,1420,1381,39,,,,,,,,,,,,0.145,30,1420,,0.142,0.1381,0.0039,
630000,青海省,2007,0.1524,53.123425692695,1470.63350125945,1444,27,,,,,,,,,,,,0.152375692695214,53.123425692695,1470.63350125945,,0.1471,0.1444,0.0027,
630000,青海省,2006,0.181,53.123425692695,1985,1902,23,,,0.0,,,0.0,0.0,0.0,0,0,0,0.18106234256927,60,1985,,0.1985,0.1902,0.0023,0
630000,青海省,2005,0.0878,62,816,878,,,,,,,,,,,,,0.0878,62,816,,0.0816,0.0878,,
630000,青海省,2004,0.1477,60,1417,1377,40,,,,,,,,,,,,0.1477,60,1417,,0.1417,0.1377,0.004,
630000,青海省,2003,0.1253,58,1195,1253,,,,,,,,,,,,,0.1253,58,1195,0.0,0.1195,0.1253,,
630000,青海省,2002,0.1796,79,1717,1796,,,,,,,,,,,,,0.1796,79,1717,,0.2,0.1796,,
630000,青海省,2001,0.1989,103,1886,1989,,,,,,,,,,,,,0.1989,103,1886,0.0103,0.1886,0.1989,,
630000,青海省,2000,0.1166,92,1074,1166,,,,,,,,,,,,,0.1166,92,1074,0.0092,0.1074,0.1166,,
640000,宁夏回族自治区,2019,15.766,8127,149533,156298,1323,,,,,,,,,,,,15.766,8127,149533,0.8127,14.9533,15.6298,0.1323,
640000,宁夏回族自治区,2018,17.6949,,,,,,,,,,,,,,,,17.6949,,,0.0394,17.6555,17.5862,0.105,
640000,宁夏回族自治区,2017,18.0889,,,,,,,,,,,,,,,,18.0889,,,0.0429,18.046,17.9409,0.145,
640000,宁夏回族自治区,2016,17.4591,416,174175,173146,1425,,,,,,,,,,,,17.4591,416,174175,0.0416,17.4175,17.3146,0.1425,
640000,宁夏回族自治区,2015,16.9727,392,169335,168378,1329,,,,,,,,,,,,16.9727,392,169335,0.0392,16.9335,16.8378,0.1329,
640000,宁夏回族自治区,2014,16.2588,344,162244,160357,2225,,,,,,,,,,,,16.2588,344,162244,0.0344,16.2244,16.0357,0.2225,
640000,宁夏回族自治区,2013,14.493,230,144700,142906,2024,,,,,,,,,,,,14.493,230,144700,0.023,14.47,14.2906,0.2024,
640000,宁夏回族自治区,2012,12.3538,218,123320,121609,1929,,,,,,,,,,,,12.3538,218,123320,,12.332,12.1609,0.1929,
640000,宁夏回族自治区,2011,10.5422,200,105222,104278,1144,,,,,,,,,,,,10.5422,200,105222,,10.5222,10.4278,0.1144,
640000,宁夏回族自治区,2010,9.0035,190,89845,89165,870,,,,,,,,,,,,9.0035,190,89845,,9.0,8.9165,0.087,
640000,宁夏回族自治区,2009,8.1844,194,81650,81324,520,,,,,,,,,,,,8.1844,194,81650,,8.165,8.1324,0.052,
640000,宁夏回族自治区,2008,7.5137,182,74955,74620,517,,,,,,,,,,,,7.5137,182,74955,,7.4955,7.462,0.0517,
640000,宁夏回族自治区,2007,7.0439,152.708245648603,70286.0275061928,69764,675,,,,,,,,,,,,7.04387357518415,152.708245648603,70286.0275061928,,7.0286,6.9764,0.0675,
640000,宁夏回族自治区,2006,6.1591,846.753505812012,66429,67185,170,,,0.0,,,0.0,0.0,0.0,0,0,0,6.15908017105487,926,66429,0.0926,6.6429,6.7185,0.017,0
640000,宁夏回族自治区,2005,5.8319,385,57934,57795,11,,,,,,,,,,,,5.8319,385,57934,,5.7934,5.7795,0.0011,
640000,宁夏回族自治区,2004,5.6541,398,56143,56514,27,,,,,,,,,,,,5.6541,398,56143,,5.6143,5.6514,0.0027,
640000,宁夏回族自治区,2003,5.0384,314,50070,50339,20,,,,,,,,,,,,5.0384,314,50070,0.0,5.007,5.0339,0.002,
640000,宁夏回族自治区,2002,4.8576,247,48329,48493,83,,,,,,,,,,,,4.8576,247,48329,,4.8,4.8493,0.0083,
640000,宁夏回族自治区,2001,4.1283,421,40862,41215,68,,,,,,,,,,,,4.1283,421,40862,0.0421,4.0862,4.1215,0.0068,
640000,宁夏回族自治区,2000,3.6983,564,36419,36942,41,,,,,,,,,,,,3.6983,564,36419,0.0564,3.6419,3.6942,0.0041,
650000,新疆维吾尔自治区,2019,16.6758,14726,152032,162504,4182,30,,,,,,,,,,,16.6758,14726,152032,1.4726,15.2032,16.2504,0.4182,0.003
650000,新疆维吾尔自治区,2018,17.4342,,,,,,,,,,,,,,,,17.4342,,,1.404,16.0302,17.0329,0.3856,0.0028
650000,新疆维吾尔自治区,2017,16.5528,,,,,,,,,,,,,,,,16.5528,,,1.2723,15.2805,16.2333,0.2988,0.0065
650000,新疆维吾尔自治区,2016,16.1601,13985,147616,157273,2201,47,,,,,,,,,,,16.1601,13985,147616,1.3985,14.7616,15.7273,0.2201,0.0047
650000,新疆维吾尔自治区,2015,15.1361,10794,140567,149770,1404,45,,,,,,,,,,,15.1361,10794,140567,1.0794,14.0567,14.977,0.1404,0.0045
650000,新疆维吾尔自治区,2014,14.4007,13126,130881,142459,1174,45,,,,,,,,,,,14.4007,13126,130881,1.3126,13.0881,14.2459,0.1174,0.0045
650000,新疆维吾尔自治区,2013,13.1704,13153,118551,129606,1032,45,,,,,,,,,,,13.1704,13153,118551,1.3153,11.8551,12.9606,0.1032,0.0045
650000,新疆维吾尔自治区,2012,12.17,12693,109007,119982,993,48,,,,,,,,,,,12.17,12693,109007,1.2693,10.9007,11.9982,0.0993,0.0048
650000,新疆维吾尔自治区,2011,11.1564,13501,98063,108590,726,8,,,,,,,,,,,11.1564,13501,98063,1.3501,9.8063,10.859,0.0726,0.0008
650000,新疆维吾尔自治区,2010,10.1063,10150,90913,99923,503,69,,,,,,,,,,,10.1063,10150,90913,1.0,9.1,9.9923,0.0503,0.0069
650000,新疆维吾尔自治区,2009,9.5037,9174,85863,93974,558,255,,,,,,,,,,,9.5037,9174,85863,0.9174,8.5863,9.3974,0.0558,0.0255
650000,新疆维吾尔自治区,2008,9.12,11383,79817,90062,635,109,,,,,,,,,,,9.12,11383,79817,1.1383,7.9817,9.0062,0.0635,0.0109
650000,新疆维吾尔自治区,2007,8.7746,11170.9774460541,76575,86309,817,290,,,,,,,,,,,8.77452084780509,11170.9774460541,76575,1.1171,7.6575,8.6309,0.0817,0.029
650000,新疆维吾尔自治区,2006,8.3147,12939.4855239062,71218,83349,744,,,0.0,,,0.0,0.0,0.0,0,0,0,8.31455102109058,13126,71218,1.3126,7.1218,8.3349,0.0744,0.0006
650000,新疆维吾尔自治区,2005,7.932,13749,65571,78242,,,,,,,,,,,,,7.932,13749,65571,1.3749,6.5571,7.8242,,
650000,新疆维吾尔自治区,2004,7.2239,12733,59506,71506,610,3,,,,,,,,,,,7.2239,12733,59506,1.2733,5.9506,7.1506,0.061,0.0003
650000,新疆维吾尔自治区,2003,6.7278,13094,54184,66241,,,,,,,,,,,,,6.7278,13094,54184,1.3094,5.4184,6.6241,,
650000,新疆维吾尔自治区,2002,6.3906,9578,54328,63340,,,,,,,,,,,,,6.3906,9578,54328,1.0,5.4,6.334,,
650000,新疆维吾尔自治区,2001,6.0876,10082,50794,60113,,,,,,,,,,,,,6.0876,10082,50794,1.0082,5.0794,6.0113,,
650000,新疆维吾尔自治区,2000,6.0065,9193,50872,59416,,,,,,,,,,,,,6.0065,9193,50872,0.9193,5.0872,5.9416,,
