省份编码,省份,年份,肉类产量(万吨),猪肉产量(万吨),牛肉产量(万吨),羊肉产量(万吨),牛奶产量(万吨),绵羊毛产量(吨),细羊毛产量(吨),半细羊毛产量(吨),山羊毛产量(吨),羊绒产量(吨),禽蛋产量(万吨),蜂蜜产量(万吨)
110000,北京市,2019,5.142507,2.286474,0.747175,0.383568,26.413483,23.13,3.9,12.59,6.69,2.73,9.621274,0.12294
110000,北京市,2018,17.465395,13.532492,0.942815,0.598693,31.055113,37.38,2.9,2.9,5.22,3.14,11.247125,0.103203
110000,北京市,2017,26.392473,19.218211,1.474351,1.055821,37.421293,54.42,4.8,7.01,29.79,22.29,15.684737,0.192467
110000,北京市,2016,30.37198274,21.841667,1.360064,1.164135,45.695278,104.38,11.14,18.94,55.82,33.34,18.333386,0.203955
110000,北京市,2015,36.41074,22.4782,1.5461,1.1955,57.2155,176.9,8.4,29.4,45.0,32.3,19.58,0.16313
110000,北京市,2014,39.29524,24.01,1.7,1.17,59.48,260.4,20.2,45.1,55.7,31.4,19.65,0.2321
110000,北京市,2013,41.79569,24.63,2.05,1.19367,61.46,270.7,21.0,43.3,58.3,33.4,17.5,0.2757
110000,北京市,2012,43.191955077981,23.94,2.17,1.21,65.05,288.2,6.5,42.6,72.4,34.4,15.24,0.25542
110000,北京市,2011,44.415559237594,24.2146,2.0971,1.29372,63.97545,296.2,9.7,73.8,62.9,35.0,15.1463,0.32696
110000,北京市,2010,46.26691417,24.10329258,2.03934095,1.3987,64.0837056,339.0,12.7,84.9,79.4,41.4,15.13700074,0.3012
110000,北京市,2009,47.19134,24.12742,2.08735,1.4026,67.3856,378.0,10.0,53.0,89.0,39.0,15.39878,0.2795
110000,北京市,2008,45.1113,22.3094,2.1289,1.451,66.3835,634.0,19.0,80.0,87.0,38.0,15.2409,0.312
110000,北京市,2007,47.8508,22.4496,2.7762,1.8619,62.2409,807.0,38.0,68.0,141.0,53.0,15.5568,0.2326
110000,北京市,2006,45.2441997182294,21.87308329395,3.0486888,1.96102762427936,61.9339,903.0,21.0,77.0,149.0,66.0,15.1847,0.2684
110000,北京市,2005,66.6932,31.3309,4.3758,3.9552,64.199,1132.0,14.0,1118.0,224.0,93.0,15.967,0.3282
110000,北京市,2004,70.8365,31.8148,5.0894,4.9077,70.041,1260.0,28.0,1232.0,320.0,128.0,15.8858,0.3036
110000,北京市,2003,70.2590621389,32.6880601389,5.1798,4.697,63.2919,1245.0,42.0,1203.0,397.0,153.0,16.1755,0.3231
110000,北京市,2002,70.68282892352,33.8228996028,4.922,4.2442,55.1,1380.0,44.0,1336.0,397.0,128.0,15.2145,0.2789
110000,北京市,2001,69.1405,31.1951,4.0118,3.0175,42.9,1351.0,19.0,1332.0,261.0,113.0,15.5587,0.2505
110000,北京市,2000,55.88885,29.0927,3.2681,1.55895,30.3,762.0,53.0,50.0,199.0,68.0,16.0165,0.26045
120000,天津市,2019,30.432684313808,15.635051113808,2.528911,0.849805,47.3677,139.431,27.202,112.047,1.18,0.255,19.363093,0.00713
120000,天津市,2018,33.8860192698478,21.2432759698478,2.8539865,1.1802106,48.0412627477478,179.443,22.668,156.775,1.92,,19.4094978,0.007375
120000,天津市,2017,36.1411214670239,22.5863104193567,3.390496192,1.423884,52.05,,865.37,303.84,4.91,,18.9888792652462,0.003853
120000,天津市,2016,45.5154883693563,29.1786966121635,3.4546848,1.61805,68.0167039,412.211,89.68,322.531,3.128,1.0,20.6310642,0.0038565
120000,天津市,2015,45.7536065,29.21286,3.3936,1.61,68.0,707.281,119.531,587.75,1.584,,20.2,0.0171779
120000,天津市,2014,46.4360481325,29.87,3.36,1.57,68.9,837.783,99.562,738.221,1.372,,19.42,0.0045263
120000,天津市,2013,46.4806795,29.82,3.28,1.48806,68.24,574.863,125.969,448.894,2.946,,18.89,0.0050105
120000,天津市,2012,45.7998,29.2,3.26,1.47,67.87,511.0,59.0,452.0,2.0,,18.66,0.0055
120000,天津市,2011,42.92,27.6,3.08,1.49,69.09,518.0,60.0,458.0,2.0,,18.67,0.0066
120000,天津市,2010,42.61083,27.9694,3.09915,1.5022,69.04119,467.0,34.0,433.0,2.0,,18.7376,0.0063
120000,天津市,2009,39.4865,25.66,3.55,1.48,68.29,603.0,44.0,559.0,1.0,,19.6,0.0043
120000,天津市,2008,37.1337,23.4799,3.6789,1.4422,69.7536,593.0,43.0,550.0,1.0,,19.6898,0.0041
120000,天津市,2007,33.761,20.4543,3.8886,1.3601,67.214,587.0,41.0,546.0,1.0,,19.3551659487322,0.0054
120000,天津市,2006,36.6860902791151,21.78192907275,3.89062204,1.32447867115601,68.275,1060.0,586.0,43.0,6.0,1.0,18.9756528909139,0.0071
120000,天津市,2005,57.7821,35.6321,6.2413,3.0403,63.4135,831.0,58.0,773.0,68.0,,23.4686,0.0037
120000,天津市,2004,53.7292,33.0538,5.5829,3.1509,54.2407,820.0,56.0,764.0,67.0,1.0,24.383,0.0048
120000,天津市,2003,53.4206,32.211,5.4147,3.1151,43.2264,1186.0,81.0,1105.0,95.0,1.0,24.2486,0.0072
120000,天津市,2002,44.8287,26.0899,4.5566,2.8317,33.6,1110.0,77.0,1033.0,97.0,1.0,24.4677,0.0073
120000,天津市,2001,36.3972,21.923,3.5283,2.4376,24.1,1332.0,37.1,1295.0,40.7,0.3,25.9953,0.00387
120000,天津市,2000,28.8712,17.3435,2.7752,1.9865,16.5,1418.4,307.0,4603.0,48.6,506.0,25.6015,0.0666
130000,河北省,2019,433.398147984414,241.883785,57.19848785,30.99947025,428.67834,19095.85,3886.06,12389.27,1961.7,632.57,385.90311116716,1.094734
130000,河北省,2018,466.695131430761,286.253,56.46445,30.54135,384.81,20816.27,4784.82,12788.34,2360.32,704.6,377.965828763134,1.12721
130000,河北省,2017,474.245683485149,291.469920428538,55.6,30.1,381.005725028836,23157.89,3783.91,14184.59,2629.01,830.61,383.721653566633,1.417452
130000,河北省,2016,457.671370482,265.40511186,54.25448238,32.365606506,440.4904539,35272.0,7094.0,22909.0,3088.0,918.0,388.53795136,1.4027
130000,河北省,2015,462.4515386,275.031204,53.190669,31.6725888,473.1369,36308.0,6655.0,22956.0,3115.0,946.0,373.594184,1.2882
130000,河北省,2014,468.1279750332,281.218,52.4046,30.4386,487.77,36145.0,6472.0,22798.0,3153.0,877.0,362.7128,1.3161
130000,河北省,2013,448.78161882007,265.285714285714,52.3,29.0514045343565,458.0,33105.0,5192.0,19327.0,2995.0,830.0,346.06,1.2142
130000,河北省,2012,442.9107,259.0,55.3,28.7,470.367785,30663.0,4757.0,17076.0,2698.0,810.0,342.555696,1.2062
130000,河北省,2011,418.1762,246.6,54.4609,28.4115,458.8954,28748.0,4122.0,15570.0,2683.0,776.0,339.837,1.1582
130000,河北省,2010,416.711589331073,245.191462382542,58.0810729911624,29.3053339573687,439.761,29290.0,3945.0,16304.0,2728.0,776.0,339.083516975065,1.1152
130000,河北省,2009,426.582565938039,253.558906290115,55.262676490164,28.01548315776,451.5,34588.0,6228.0,16998.0,2980.0,676.0,353.211996849026,1.0019
130000,河北省,2008,421.098208024449,245.775144074449,56.83121811,26.47966272,504.51186576,34147.0,7009.0,13887.0,3503.0,701.0,410.99836729,0.9778
130000,河北省,2007,396.189017280506,225.5112,57.73771668666,24.3424050103864,489.4372,32051.0,6844.0,14485.0,3480.0,789.0,396.448662553845,0.891
130000,河北省,2006,406.178406882045,246.8,54.06180086,22.6186095061884,407.6186,33254.0,6894.0,14665.0,3783.0,857.0,382.303435442474,0.9054
130000,河北省,2005,571.9014,337.3696,86.8593,33.7279,340.3456,36466.0,6866.0,14341.0,3565.0,890.0,458.9667,0.7608
130000,河北省,2004,533.9521,313.3789,82.9053,31.0963,266.4643,31678.0,5375.0,12955.0,3760.0,863.0,432.9416,0.7259
130000,河北省,2003,502.4093,290.2523,78.5867,29.0202,197.9021,30004.0,4345.0,12614.0,4075.0,958.0,415.1898,0.6485
130000,河北省,2002,458.2039,265.1646,71.2296,26.7059,136.9,28657.0,4514.0,11860.0,4666.0,901.0,389.4434,0.8049
130000,河北省,2001,445.682,260.2549,68.5023,25.5697,107.4,27475.0,4426.0,11867.0,4690.0,1018.0,369.6275,0.9394
130000,河北省,2000,419.4228,242.8362,65.2916,24.5944,84.2,27788.0,5432.0,11104.0,5567.0,981.0,357.0263,0.904
140000,山西省,2019,91.0168333391555,56.7779876276858,6.60775643060454,8.03260273602448,91.813957606,7792.2,2440.3,4054.5,1354.9,1148.6,111.397841392,0.69215
140000,山西省,2018,93.0907910236934,62.4620325937138,6.49913190040962,8.12987998181246,81.0562553710875,7957.9,2317.2,4171.9,1428.6,1215.1,102.577147670341,0.61338
140000,山西省,2017,93.3211487901065,62.669176744781,5.9098390641392,8.55516148453283,77.3916090786927,8072.01,2562.55,3954.3,1537.06,1226.71,101.871059107464,0.576693
140000,山西省,2016,84.4268651105412,57.5239099623801,5.9165278,7.42887068292314,95.08829395851,8979.39,2775.19,4525.5,1637.64,1246.93,89.045334636,0.502972
140000,山西省,2015,85.5729664144868,60.2508049421148,5.8754,6.9041,91.872747786,9195.38,3161.9,4369.48,1555.33,1216.77,87.240366755,0.508244
140000,山西省,2014,87.4793174932,64.1648614932,5.8,6.7,96.2,8596.31,3165.23,4118.18,1448.9,1099.18,83.6647479146617,0.46264
140000,山西省,2013,83.20597355,61.1676468,5.199768,6.19993275,86.2089536,8184.74,2992.6,3411.1632,1366.14655,787.17345,79.845748,0.456427
140000,山西省,2012,77.395421,56.3238,4.887,5.93295,79.9712,7832.82,2434.72,2881.05,1432.06,739.13,74.692,0.428628
140000,山西省,2011,71.296155,52.2,4.5,5.55,74.6,6855.07,2188.83,2392.69,1293.94,647.99,71.0,0.413584
140000,山西省,2010,72.4351971388,53.0872541388,4.91666,5.6,73.225,7093.79,763.5,974.0,1284.74,665.69,70.4808,0.315548
140000,山西省,2009,69.77552685,50.65577685,4.844,5.58,72.5,5865.7,509.8,487.7,1330.4,797.2,75.3,0.30362
140000,山西省,2008,63.29654,45.43119,4.228,5.05494,68.1775,5668.0,453.0,569.0,1742.0,777.0,61.5992,0.313
140000,山西省,2007,58.0672,44.1464,3.8655,5.1645,81.184,4486.0,785.0,624.0,1434.0,695.0,47.3001696789496,0.2942
140000,山西省,2006,55.7335823211891,41.22026272686,3.73040864026233,4.97521771931049,81.0552,8235.0,1630.0,1083.0,1764.0,785.0,43.0784787604277,0.2676
140000,山西省,2005,68.2425,47.8821,6.9254,7.4274,71.2781,8805.0,1733.0,1122.0,1740.0,795.0,56.8789,0.2812
140000,山西省,2004,66.5585,46.8241,6.6997,7.2265,61.1497,8632.0,1687.0,998.0,1687.0,706.0,52.0443,0.269
140000,山西省,2003,66.508,46.7852,6.6687,7.2115,53.241,8401.0,1724.0,972.0,1715.0,672.0,50.3488,0.2818
140000,山西省,2002,64.9118,45.3492,6.7239,6.9443,44.7,7685.0,1519.0,939.0,1702.0,668.0,45.6533,0.2485
140000,山西省,2001,63.5274,44.1525,6.5789,6.9429,37.9,7109.0,1517.0,866.0,1682.0,642.0,42.5589,0.2512
140000,山西省,2000,63.6854,43.5432,7.3154,7.0268,33.5,7287.0,1498.0,745.0,1659.0,632.0,40.3297,0.2926
150000,内蒙古自治区,2019,264.56284,62.568,63.778,109.791,577.2012904,114874.72,60966.07,22312.68,5385.53,6311.96,58.1,0.18536
150000,内蒙古自治区,2018,267.322159875279,71.8,61.4345932102677,106.337775282676,565.573565496665,118178.85,62086.23,23365.71,6053.76,6606.83,55.2,0.3592
150000,内蒙古自治区,2017,265.162979910014,73.523987208,59.4841069316964,104.127592882842,552.857835285107,126681.83,70658.21,24955.69,8775.01,8026.39,53.2092,0.45633
150000,内蒙古自治区,2016,258.893963300311,72.0823404,55.5926233006508,98.98060159966,734.1248,132925.41,71776.68,27651.97,10192.87,8498.23,58.0,0.51238
150000,内蒙古自治区,2015,245.713634857508,70.8078,52.8949793536164,92.5917695038915,803.2,127186.51,70831.55,22795.19,10262.43,8380.1,56.4,0.4395
150000,内蒙古自治区,2014,252.32677597508,73.3,54.53090655012,93.33188085936,788.0156622,121525.0,63040.0,21891.0,10450.0,8283.0,53.54,0.2225
150000,内蒙古自治区,2013,244.9002474,73.35,51.78623604,88.80293136,767.2986,110532.0,54193.0,19681.0,10154.0,7901.0,55.09,0.2354
150000,内蒙古自治区,2012,245.75195,73.9381,51.17217,88.62568,910.202,104190.0,51301.0,18889.0,12437.0,7642.0,54.46324,0.2365
150000,内蒙古自治区,2011,237.4230422,71.3,49.73,87.23,908.2,106599.487,58854.141,14313.027,12561.211,7643.808,52.52,0.3193585
150000,内蒙古自治区,2010,238.6565,71.8928,49.70838,89.2,905.17713,107452.0,50442.0,15443.0,12579.0,8104.0,49.998897,0.4174
150000,内蒙古自治区,2009,233.9879,68.6,47.4,88.2,903.1,102027.0,54234.0,15509.0,18455.0,7375.0,48.87,0.4522
150000,内蒙古自治区,2008,217.9857,64.6838,43.0902,84.8436,912.2349,96385.0,51838.0,12843.0,9790.0,7642.0,45.5466,0.4558
150000,内蒙古自治区,2007,205.0206,60.3382,39.398,80.818,909.8399,98321.0,53322.0,13498.0,9303.0,6672.0,43.0231528205786,0.4294
150000,内蒙古自治区,2006,216.522044664046,81.698157692,36.43136192,74.6569900768464,869.1631,98195.0,52609.0,14749.0,7710.0,6797.0,41.3286770610745,0.3896
150000,内蒙古自治区,2005,229.4646,87.5931,33.5973,72.4318,691.0481,94902.0,44841.0,14943.0,7558.0,6395.0,46.178,0.4641
150000,内蒙古自治区,2004,201.3481,80.7935,28.7156,60.3598,497.8733,85670.0,45614.0,14181.0,6329.0,5956.0,38.749,0.3377
150000,内蒙古自治区,2003,162.7246,71.2719,24.0252,45.3163,308.0222,69255.0,38240.0,13990.0,5793.0,5338.0,34.4437,0.2653
150000,内蒙古自治区,2002,145.7755,74.884,19.489,33.8107,165.2,58538.0,33681.0,12712.0,5133.0,4531.0,27.6578,0.2298
150000,内蒙古自治区,2001,149.5778,78.9957,23.2147,32.5724,106.2,60894.0,35480.0,11926.0,4379.0,3999.0,26.379,0.1765
150000,内蒙古自治区,2000,143.3984,76.6206,21.844,31.8166,79.8,65051.0,36959.0,13601.0,3443.0,3815.0,24.4076,0.1605
210000,辽宁省,2019,367.8867353,189.4,29.6,6.81,133.9,4491.99061,435.6837,3754.93976,1335.16566,1081.6934,307.9,0.257179987
210000,辽宁省,2018,377.1203326,210.1,27.5,6.6,131.8,7607.25627,1198.68532,6095.32795,1335.46301,1055.5891,297.2,0.2835561
210000,辽宁省,2017,385.387619143733,220.9,25.1103500433,7.02,119.708061656575,9036.5152,1569.1539,6616.1953,1325.34217,1049.4354,270.432819830386,0.29578639
210000,辽宁省,2016,430.918643386,219.1708,41.59891,8.7,143.055,9276.5752,1968.7613,6668.5139,1340.83462,1016.92566,287.6,0.227950653
210000,辽宁省,2015,429.365981707188,227.12,40.27,8.45,140.25,12779.8763,3592.732,8688.37598,1390.27709,956.23425,276.5,0.0637683
210000,辽宁省,2014,429.213417784051,240.3,42.75,8.9,131.2,14977.39,4048.857,10544.263,1468.32957,1062.56296,279.3,0.0706268
210000,辽宁省,2013,420.119822153248,233.6449815,43.2432,8.05057065324808,120.881781,14987.897,3845.955,10985.582,1558.232,995.893,276.8177374,0.1187046
210000,辽宁省,2012,418.70417,230.1921,43.2,7.88627,124.749,14660.0,3828.0,10636.0,1827.0,1056.0,279.8966,0.1484
210000,辽宁省,2011,408.1721,225.9,42.0,7.91,124.5,13471.0,2405.0,7717.0,2169.0,1116.0,277.4,0.1659
210000,辽宁省,2010,406.7067508,228.4272,41.5668,7.94192,121.22,12153.703,2347.21,6365.759,2565.09,1292.58,275.725656,0.172809
210000,辽宁省,2009,389.2344,218.8,40.2,7.84,110.0,10136.018,2511.042,6033.783,2735.568,1215.516,263.097,0.1683886
210000,辽宁省,2008,373.2875,210.0,37.7,7.34,101.2,11468.48,2700.916,7028.19,2401.12,1371.788,254.2,0.2006692
210000,辽宁省,2007,348.006586628373,191.0315,38.2345701296258,6.9680164987475,105.0969,9410.581,2385.814,6536.81,2030.293,1445.947,204.149546091006,0.2951559
210000,辽宁省,2006,329.692698358221,189.32676992,35.304312215721,6.3868162225,93.6952,9714.177,3032.985,6004.126,1777.475,1353.952,195.171650182606,0.3780327
210000,辽宁省,2005,347.92206,191.2416,42.2495,7.11786,74.8764,10412.042,3618.241,6590.844,1679.611,1052.842,224.0456,0.1941509
210000,辽宁省,2004,318.3809,175.2902,37.2899,6.115,58.4479,10821.0,4134.0,6255.0,1635.0,894.0,192.3857,0.1788
210000,辽宁省,2003,280.1452,147.9091,33.8692,5.0958,42.6899,10587.0,4385.0,5572.0,1393.0,719.0,169.5053,0.1075
210000,辽宁省,2002,253.892,132.3696,29.6578,4.4405,28.1,9158.0,4073.0,4885.0,1119.0,372.0,159.8264,0.8148
210000,辽宁省,2001,234.73447,123.7997,27.26257,3.6904,24.2,8339.0,4127.0,4154.0,767.0,282.0,148.3621,0.7973
210000,辽宁省,2000,225.6905,116.9582,25.8413,3.368,18.9,7567.0,3721.0,3411.0,748.0,356.0,140.3108,0.5819
220000,吉林省,2019,243.216938623729,108.279027099796,41.8594385641695,4.731721448768,39.8990987226261,9549.49,3175.31,6369.36,608.47,73.36,121.52527095067,1.1651
220000,吉林省,2018,253.596716251245,126.9853,40.6595478,4.618168451245,38.8303104328801,11430.18,4728.46,6669.14,504.29,86.69,117.11411375012,1.1498
220000,吉林省,2017,256.131232410992,136.143296908245,38.0280958358601,4.86705725041471,33.9808057278706,16346.511,8434.365,7887.164,675.282,135.469,120.98355657536,1.0784
220000,吉林省,2016,260.406229799903,130.560200331596,47.1006166066289,4.81410212701751,52.8499992316584,15645.0,8011.4,7617.6,629.17,143.8,114.440762764255,1.5171
220000,吉林省,2015,261.1380342645,136.000208678746,46.5881469897418,4.78628719272692,52.3267319125331,15109.0,7644.0,7399.0,629.0,154.0,107.294088008754,1.4865
220000,吉林省,2014,261.967417671826,140.351092547725,45.9902734350857,4.4984050972154,49.3056367978609,14261.43,7469.73,6758.29,666.73,158.31,98.48847566,1.4782
220000,吉林省,2013,262.65514281628,136.30869824,45.04713444,4.24401013627972,47.5803785493916,18972.0,13376.0,5519.0,369.0,157.0,97.7,1.5255
220000,吉林省,2012,259.958734,132.72512,44.95722,4.085394,49.1,20273.59,11457.95,8754.84,735.52,185.8,100.24508,1.558
220000,吉林省,2011,243.91024,121.99,43.395,3.902,45.241,23093.91,12398.77,9618.75,1011.3,185.53,95.29,1.5155
220000,吉林省,2010,238.876519032215,119.842936032215,43.24188,3.825703,43.521,22801.23,13659.93,8769.74,756.14,184.73,95.642,1.2044
220000,吉林省,2009,226.157114119183,113.166134119183,41.82,3.647,44.5,22010.7,17088.47,4742.61,1169.32,130.38,98.6,1.165813
220000,吉林省,2008,216.789558753404,104.589772753404,39.9679,3.5058,39.740274,20736.5,16589.2,4147.3,1069.3,126.448,87.1,1.185049
220000,吉林省,2007,231.673533472331,96.3740591672292,47.5553954838092,4.44152982129264,47.30985,20366.95,14200.15,4215.12,904.28,110.46,86.2603665835804,0.830025
220000,吉林省,2006,237.53788669013,109.3916676132,45.0245604292159,4.13165564771408,34.5,21500.0,15799.01,4200.0,470.0,64.0,83.0224894933401,0.75
220000,吉林省,2005,260.1532,108.1523,51.0023,4.1801,29.4037,19971.18,15430.87,4451.94,425.0,60.0,100.001828,0.77594
220000,吉林省,2004,243.52115,98.52265,48.97,4.0001,25.3245,24566.0,18876.0,3669.0,401.0,55.0,95.0046,0.7316
220000,吉林省,2003,218.5029,84.531,40.2513,3.7614,22.6804,24453.0,19507.0,3504.0,401.0,50.0,90.0092,0.6321
220000,吉林省,2002,204.2758,75.642,36.9973,3.4711,18.0,21675.0,18900.0,2775.0,362.0,48.0,84.0392,0.5463
220000,吉林省,2001,192.9276,68.5995,35.2952,3.4163,16.0,22276.0,19767.0,2509.0,2050.0,45.0,82.9616,0.4975
220000,吉林省,2000,216.287074,95.473374,33.5449,3.2141,14.3,21228.0,19045.0,2183.0,365.0,34.0,80.0399,0.5132
230000,黑龙江省,2019,237.101159886857,135.23,45.493211241721,12.72,465.24,23610.0,3790.0,19820.0,1226.0,134.96,114.25,1.6883037
230000,黑龙江省,2018,247.549519665809,149.908826265809,42.56,12.4579934,455.910506644259,25805.0,3924.0,20879.0,1202.0,189.86,108.5,1.88164
230000,黑龙江省,2017,260.294492068222,159.307998157076,43.8973800469036,12.89967,465.214802698223,29741.0,3803.0,24294.0,1534.0,269.0,113.806820936712,1.9236
230000,黑龙江省,2016,231.159566032288,138.152858490456,42.5359075418327,12.81,545.94777155432,27417.0,3561.0,23856.0,1786.0,270.0,106.25,2.0573457
230000,黑龙江省,2015,228.660083120447,138.429717926308,41.5795772647436,12.3190050725636,570.478340182152,28959.0,5041.0,22121.0,1663.0,329.0,99.91863949478,1.99949
230000,黑龙江省,2014,230.197824943098,142.5640761342,40.5997647564439,11.8549738417908,556.57533242396,28375.0,5434.0,22941.0,1487.0,332.0,98.1650994308128,1.9004
230000,黑龙江省,2013,221.28103688755,133.3620918,39.729303309105,11.8246457055123,518.226566502756,32129.0,5281.0,23790.0,1595.0,494.0,102.701033229806,1.8023
230000,黑龙江省,2012,216.195447022975,128.3562,39.6896136954096,12.1057179240709,559.938643605187,31755.0,5453.0,23404.0,1479.0,707.0,108.153738,1.9691
230000,黑龙江省,2011,201.208644198127,116.9,39.335,11.7531241981271,543.102467124333,28952.0,5532.0,21180.0,1464.0,701.0,105.413,2.037
230000,黑龙江省,2010,197.910321868808,114.480821868808,39.0448,12.13,552.4915,27058.0,5574.0,19399.0,1724.0,819.0,105.2627,1.6402
230000,黑龙江省,2009,187.638335603788,108.204935603788,36.8,11.58,528.7,25309.0,4611.0,20698.0,1152.0,770.3,101.9,1.51677
230000,黑龙江省,2008,169.527575478779,96.6115496462393,32.602,10.46972583254,508.3598,23443.0,6111.0,17332.0,1344.0,686.8,93.68,1.22418
230000,黑龙江省,2007,165.028667300923,92.107,33.1891690758985,10.3969472021251,508.3598,24929.0,4290.0,15837.0,980.0,856.34,91.3921391403954,1.088077
230000,黑龙江省,2006,168.091543058532,99.5,31.0031501748494,9.68295392048249,460.3045,25007.0,4254.0,15629.0,921.0,805.2,88.4725451504312,1.27164
230000,黑龙江省,2005,173.5125,100.4429,31.1094,10.7257,440.2393,25734.0,7965.0,17769.0,874.0,790.5,102.7366,1.12862
230000,黑龙江省,2004,165.3417,93.8719,31.4213,9.0132,374.4782,24391.0,7574.0,16817.0,712.0,690.5,98.2877,1.18842
230000,黑龙江省,2003,151.4638,85.5715,29.9303,6.6688,300.4701,20606.0,7452.0,13154.0,713.0,393.0,90.2852,0.7016
230000,黑龙江省,2002,143.9636,82.4388,28.2361,4.7277,235.8,17505.0,4576.0,12929.0,251.0,194.0,84.5941,0.7781
230000,黑龙江省,2001,137.5413,73.1424,23.6152,3.9191,189.0,14540.0,4423.0,10117.0,182.0,58.0,80.3119,0.7331
230000,黑龙江省,2000,151.5952,87.1,27.0715,3.4777,154.3,13550.0,4365.0,9185.0,62.0,22.0,75.2963,0.3765
310000,上海市,2019,10.81914925,8.91,0.01,0.21,29.74,2.39,,,60.849,,2.89,0.0731652
310000,上海市,2018,13.45331254,11.27,0.02,0.26,33.44,3.2,,,73.7625,,3.16,0.074085
310000,上海市,2017,17.580482,14.57,0.137886,0.346,36.37,6.999,,,107.044,,3.38,0.0992238
310000,上海市,2016,17.4133,13.54,0.0533,0.5,26.04,3.6,,,100.0,,3.5,0.11
310000,上海市,2015,20.323705,16.12,0.05,0.564,27.69,11.38,,,172.15,,4.89,0.08139
310000,上海市,2014,23.3572,18.83,0.05,0.54,27.05,10.56,,,174.82,,5.23,0.09327
310000,上海市,2013,23.7538379375976,18.33,0.0,0.55660179767,26.5286336,11.26,,,136.75,,5.6601458,0.105431
310000,上海市,2012,25.796314,18.7376,0.0074,0.5668,30.18,33.88,,,173.55,,5.9,0.092044
310000,上海市,2011,27.588,19.12,,0.55,29.08,49.0,,,181.0,,6.3,0.0759
310000,上海市,2010,26.1689,17.87,0.01,0.54,24.71,44.0,,,162.0,,6.28,0.0481
310000,上海市,2009,26.2083,17.55,0.012,0.5563,21.2473,44.2,,44.2,152.5,,8.04,0.0414
310000,上海市,2008,26.4597,17.34,0.0049,0.5445,23.286,35.0,,35.0,126.0,,6.2043,0.0392
310000,上海市,2007,25.4122009338699,15.1544,0.02928408576,0.226204411189482,22.0419,17.0,,17.0,145.17,,5.53600934103546,0.044205
310000,上海市,2006,25.9916772282009,15.2,0.031830528,0.231529591800903,22.085812,9.62,,9.62,137.65,,5.55266734306465,0.067674
310000,上海市,2005,31.337706,18.01511,0.07,0.607516,23.76327,14.53,,14.53,112.21,,8.4032,0.047451
310000,上海市,2004,12.4745,5.8357,0.0121,0.7457,25.2001,23.0,,23.0,107.0,,10.5122,0.05
310000,上海市,2003,50.839,24.6,0.06,0.88,27.0508,45.0,,45.0,131.0,,15.0703,0.1032
310000,上海市,2002,51.5739,25.1,0.06,0.864,28.0,68.0,,68.0,171.0,,16.6472,0.0716
310000,上海市,2001,56.1443,26.3327,0.0327,0.9,26.0,231.0,,231.0,153.0,,16.8659,0.074
310000,上海市,2000,55.0464,25.8972,0.045,0.74,25.9,127.0,,127.0,214.0,,16.6372,0.0773
320000,江苏省,2019,274.532709149222,146.211573050615,2.93236506245763,6.48654280944919,62.35966265,299.986,74.93,225.056,7.28,,212.302780081584,0.368441
320000,江苏省,2018,328.4843,205.5,2.82,7.79,50.029,344.3,77.76,266.56,8.6,0.04,177.957066288,0.4663
320000,江苏省,2017,342.32189887405,214.3,2.931,7.991,49.0443244466801,289.055192674037,65.318408728812,223.745030177863,7.93287579814634,0.032984930553623,183.39,0.347908555014339
320000,江苏省,2016,355.6260436,216.3587436,3.11,8.26,59.01,348.0,80.1,267.9,11.41,0.04,198.5,0.4423
320000,江苏省,2015,369.42841474,225.8442,3.22454874,8.13816,59.59,366.0,84.0,282.0,10.0,,196.23,0.4844
320000,江苏省,2014,379.4576075,232.35,3.26702,8.01,60.72,359.0,87.0,271.0,10.0,,194.58,0.4521
320000,江苏省,2013,383.2291269,229.8621,3.1913194,7.7902075,59.8912,345.0,85.0,260.0,10.0,,197.8743,0.4059
320000,江苏省,2012,396.5175,228.84,3.4726,7.61,61.298,340.0,81.0,259.0,9.0,,197.201356,0.3975
320000,江苏省,2011,375.92303,215.86,3.5778,7.32,59.17,326.0,83.0,243.0,0.819,,194.863,0.4116
320000,江苏省,2010,365.812073314,213.0645492616,3.47842,7.37,57.2836,349.598,67.133,282.465,0.819,,190.5708,0.5079
320000,江苏省,2009,344.402551,204.4765348,3.26,7.5,55.4,351.366,80.264,271.102,0.784,0.008,185.2,0.5131
320000,江苏省,2008,323.634954346183,194.9252,2.9675,7.0029,61.05,751.615,353.0,399.0,7.043,0.1,172.0958,0.9025386
320000,江苏省,2007,305.631776772985,183.594151426736,2.84241003572807,7.11965120683583,60.2423613494445,774.772940701834,371.612345970941,403.160594730893,10.8215943248768,3.0,166.088592919392,0.655172374396618
320000,江苏省,2006,321.400378878481,203.77192698,2.9580469618,6.90320493668086,58.355,907.0,550.0,357.0,41.0,3.0,152.514777703758,0.7352
320000,江苏省,2005,352.342755324631,218.5382,5.7094,17.8756,56.6204,640.0,408.0,232.0,32.0,1.0,182.005,0.7079
320000,江苏省,2004,346.8478,219.7532,5.2915,17.3863,53.6146,672.0,416.0,256.0,16.0,6.0,175.3895,0.596
320000,江苏省,2003,354.7791,221.1648,5.583,17.6458,49.781,646.0,398.0,248.0,10.0,8.0,188.1862,0.6349
320000,江苏省,2002,349.4,217.36,5.3371,17.16,45.3,746.0,512.0,234.0,8.0,,187.25,0.6542
320000,江苏省,2001,343.0861,216.6816,5.0243,16.3405,35.4,1017.0,821.0,196.0,7.0,,180.13,0.6492
320000,江苏省,2000,328.0468,205.72,5.1206,15.7526,25.5,1104.0,863.0,54.0,17.0,,181.38,0.7116
330000,浙江省,2019,94.2703,60.16,1.3,2.27,15.48,1536.81626766559,,1536.81626766559,349.402895582329,,33.57,6.5606
330000,浙江省,2018,104.5603,73.95,1.24,2.29,15.73,1687.20089609152,,1687.20089609152,391.893025322079,,31.49,6.6316
330000,浙江省,2017,114.695846,83.31,1.32,2.36,14.3082058524173,1768.88,,1768.88,414.78,,35.85,16.352
330000,浙江省,2016,118.0878,90.73,1.28,1.9134,15.3,1950.7194,,1950.7194,454.393152,,30.8493060648801,9.1689
330000,浙江省,2015,131.1173,103.33,1.2,1.8,16.5,2111.434,,2111.434,410.0,,33.3,8.7871
330000,浙江省,2014,157.1384,127.008,1.17,1.69,15.9,2042.08,,2042.08,295.0,,39.03,8.7744
330000,浙江省,2013,174.26793,138.76,1.12585,1.69338,18.21,1971.62,,1971.62,282.47,,43.09,7.9951
330000,浙江省,2012,180.7859,139.71,1.15,1.67,19.27,1971.9,,1971.9,418.02,,48.14,8.7569
330000,浙江省,2011,175.9519,135.83,1.15,1.84,19.91,1993.92,,1993.92,424.03,,47.17,7.8345
330000,浙江省,2010,175.106246,131.899747,1.12996,1.9,20.260838,1873.38,,1873.38,441.49,,44.279768,7.2061
330000,浙江省,2009,170.3735,128.17,1.04,1.74,19.93,1856.45,,1856.45,437.63,,43.28,8.8107
330000,浙江省,2008,170.08281301365,126.854476275634,0.9824,1.84433673801579,22.5099,1881.0,,1881.0,411.0,,41.432410660547,8.5292
330000,浙江省,2007,149.643480095241,111.4046,1.04938358988439,2.11652600051326,23.7105,1587.0,,1587.0,487.0,,37.8742231823188,8.9597
330000,浙江省,2006,158.265502044878,121.1,0.9853367041168,2.34388261407891,25.4797,1814.0,0.0,1814.0,521.0,0.0,34.525271816152,8.6027
330000,浙江省,2005,165.3482,125.1359,1.3779,3.9221,26.6685,2045.0,,2045.0,552.0,,44.5172,7.9325
330000,浙江省,2004,161.7705,126.4322,1.467,3.8213,25.9523,1768.0,,1768.0,603.0,,42.0666,7.3918
330000,浙江省,2003,153.9336,117.2357,1.3788,3.605,24.7275,1671.0,,1671.0,70.65,,42.2043,8.1391
330000,浙江省,2002,147.8325,115.0861,1.2269,3.0835,22.2,1637.0,,1637.0,560.0,,43.4886,6.9707
330000,浙江省,2001,136.1244,107.4,1.0,2.9,17.6,2319.0,2319.0,,,,40.5512,7.2711
330000,浙江省,2000,117.62043,89.78473,0.9184,2.6161,11.2,2132.0,2132.0,,,,37.1703,7.0879
340000,安徽省,2019,402.833634106847,197.797608233375,9.4878559949568,18.8275179739564,33.7550539571636,132.0,115.0,17.0,25.0,15.0,168.702948447044,1.7924
340000,安徽省,2018,421.740100927128,243.893475010327,8.70408177408,17.141889072,30.7960964703486,132.0,95.0,37.0,23.0,,158.257925372461,2.1031
340000,安徽省,2017,415.184674578988,242.680074637141,8.07428736,16.514344,29.8411787503378,231.0,111.0,120.0,56.0,10.0,154.699829298594,1.7789
340000,安徽省,2016,411.389653958408,244.855653958409,16.4916,17.347,32.6820689322079,216.0,94.0,122.0,60.0,10.0,139.5492,1.7396
340000,安徽省,2015,419.383398645007,259.1065121253,16.1914279026262,16.579561662029,30.6298677902604,127.0,62.0,65.0,54.0,10.0,134.659581974763,1.6734
340000,安徽省,2014,414.017655620969,264.7997058,17.891080555388,15.4949174411486,27.8706713287174,169.0,106.0,63.0,92.0,10.0,122.529191969757,1.9427
340000,安徽省,2013,403.82564188946,253.415116787,18.14511212514,14.9985691551798,25.33927750588,158.92,96.92,62.0,83.69,10.31,124.5341924685,2.0109
340000,安徽省,2012,397.73564989,249.6700658,18.12698514,14.5906026,24.08676569,145.0,54.0,91.0,145.0,10.0,122.6454525,1.89
340000,安徽省,2011,375.46834,233.071,17.82,14.1794,22.5131,148.0,9.0,139.0,127.0,,119.6541,1.8287
340000,安徽省,2010,376.94259208,238.7622,18.31679208,14.2,20.4819,164.0,9.0,155.0,115.0,,119.0192433,1.6447
340000,安徽省,2009,362.54762,229.8,17.54482,13.82,20.1,153.0,48.0,105.0,119.0,,118.1919,1.6312
340000,安徽省,2008,343.915548,217.39308,17.109902,13.415734,18.0937,189.0,125.0,64.0,158.0,,112.0919,1.4997
340000,安徽省,2007,323.839384779875,202.5422,17.0922658838,13.1670188960754,18.0937,179.0,4.0,175.0,132.0,,108.576616855631,1.4341
340000,安徽省,2006,322.1802,200.1371881152,17.26938836,12.2366298890705,12.7955,159.0,5.0,154.0,189.0,4.0,101.56839743277,1.2831
340000,安徽省,2005,340.125738369754,215.6184645233,32.9807392587082,16.403174599588,11.0186,129.0,4.0,125.0,193.0,4.0,122.0556,1.1258
340000,安徽省,2004,333.712469803577,207.56742,35.55524,16.4298885304124,10.1856,140.0,5.0,135.0,105.0,3.0,120.0074,1.1229
340000,安徽省,2003,329.636792,209.687612,34.854498,15.090572,9.0138,126.0,14.0,112.0,93.0,4.0,119.7758,1.156
340000,安徽省,2002,316.985997267685,201.217421157421,35.3166863335981,11.9308254126031,7.4,131.0,14.0,117.0,83.0,12.0,115.3096,1.1622
340000,安徽省,2001,306.74872,199.86732,28.7028,10.8804,5.5,125.0,6.0,119.0,110.0,2.0,112.7183,1.4025
340000,安徽省,2000,297.849,184.8244,31.8794,11.2146,4.1,174.0,9.0,165.0,82.0,1.0,107.4038,1.055
350000,福建省,2019,255.150740543732,103.03254117483,2.1381,2.2184,14.4637,,,,,,48.5805974445172,1.6524
350000,福建省,2018,256.055068381494,113.1173969,1.9369,2.0441,13.8239,,,,,,44.323785752784,1.5797
350000,福建省,2017,264.912003350462,128.3711754,1.7248,1.93547445193384,13.1130405190573,,,,,,46.4981423784661,1.4546
350000,福建省,2016,225.642892482921,136.003092482921,3.2112,2.523,15.447,,,,,,27.848684,1.4121
350000,福建省,2015,216.554216988902,134.53,3.0727,2.3636,14.9543,,,,,,25.5125761724556,1.3567
350000,福建省,2014,213.71177492784,151.12317538017,2.8505,2.2165,14.9654,,,,,,25.422441211,1.1722
350000,福建省,2013,211.20544503783,157.746280826165,2.6406,2.0743,14.9348,,,,,,25.039208118,1.0934
350000,福建省,2012,200.84697306272,155.551173283395,2.4507,1.9631,15.0357,,,,,,25.358221066495,1.0006
350000,福建省,2011,182.95733,146.60263,2.3513,1.8979,15.468,,,,,,25.221504407047,0.9105
350000,福建省,2010,180.2063,146.62,2.25,1.8232,15.41,,,,,,26.28,0.8641
350000,福建省,2009,175.146881158792,142.9,2.165,1.7438,15.1969,,,,,,28.75,0.8993
350000,福建省,2008,169.416043532029,136.603336,2.1402,1.6482,14.4881,,,,,,33.023875,0.7956
350000,福建省,2007,150.436051717821,121.866587431836,2.05666220657378,1.442158597908,16.2741,,,,,,39.6921126932376,0.8292
350000,福建省,2006,161.808032829303,134.36227941768,1.9890350160288,1.407258585,17.0493,0.0,0.0,0.0,0.0,0.0,36.9228955285931,0.8101
350000,福建省,2005,165.856062167174,133.464463251466,2.9214,2.0646,19.4174,,,,,,43.9097,0.8539
350000,福建省,2004,151.262272745518,121.513827027549,2.8263,1.8055,20.7997,,,,,,43.4384,0.8421
350000,福建省,2003,146.231520268364,116.43336882651,2.4844,1.6336,19.1903,,,,10.0,,42.3956,0.7238
350000,福建省,2002,142.460032,110.612051,2.3281,1.4669,13.8,,,,10.0,,40.7915,0.6491
350000,福建省,2001,139.987826,107.182226,2.2143,1.4529,11.1,,,,16.0,,40.108,0.5951
350000,福建省,2000,137.584901,106.453901,2.1177,1.3315,9.6,,,,9.0,,40.6948,0.5446
360000,江西省,2019,299.788,206.75,13.14,2.31,7.28,,,,,,57.17,2.012
360000,江西省,2018,325.6758,246.32,12.45,2.1,9.63,,,,,,46.96,1.8175
360000,江西省,2017,326.053225659039,249.49,12.04676,1.96978036268584,9.49421826222685,,,,,,45.6581066554021,1.485
360000,江西省,2016,330.897558144,242.885158144,14.41,1.26,13.45,,,,,,51.68,1.5826
360000,江西省,2015,336.457604623143,253.533568,13.6118366231427,1.16,13.0,,,,,,49.28,1.5714
360000,江西省,2014,339.822829400892,259.768,13.1261683926159,1.13692734331669,12.85,,,,,,47.81,1.5569
360000,江西省,2013,321.9345,245.1234,12.6929,1.12,12.2472,,,,,,46.1214,1.392
360000,江西省,2012,311.1042,237.3,12.1,1.1,12.6,,,,,,45.7905,1.2899
360000,江西省,2011,295.59946,224.1,11.7,1.09,11.8,,,,,,44.5,1.27823
360000,江西省,2010,289.9161195608,221.10822,11.1647249208,1.1,11.4016,,,,,,41.971014092,1.1535
360000,江西省,2009,276.0178196,210.78,10.9137096,1.11,11.2,,,,,,41.3507528,1.1191
360000,江西省,2008,260.266680194853,198.0787,10.5793,1.15058019485276,11.1893,,,,,,40.0242,1.0137
360000,江西省,2007,244.66845114113,187.6849,7.2543366464127,1.07631449471727,11.2173,,,,,,36.3696508439885,0.8537
360000,江西省,2006,237.655978264245,181.72599744,7.1051289387,1.07095969623609,13.8749,0.0,0.0,0.0,0.0,0.0,35.5519558592263,0.8542
360000,江西省,2005,237.1045,175.868,10.1884,1.603,12.5094,,,,,,42.0869,1.1361
360000,江西省,2004,217.6855,161.2125,8.7147,1.5707,11.6008,,,,,,40.8111,1.0387
360000,江西省,2003,195.2222,142.7407,6.9627,1.3924,10.8862,,,,,,37.0631,0.9609
360000,江西省,2002,195.483,149.9062,5.9952,1.1249,7.9,,,,,,35.3658,0.8524
360000,江西省,2001,193.8322,151.6672,5.3435,0.9233,5.9,,,,1.0,,33.6352,0.7265
360000,江西省,2000,184.4061,143.451,5.236,0.8834,5.6,,,,2.0,,33.496,0.6938
370000,山东省,2019,704.015318650177,254.722830186761,73.3290880681578,36.8579245617518,228.035099705043,6840.138,1750.24,3046.898,2190.278,410.634,450.130960992404,0.4443609
370000,山东省,2018,854.695050223867,421.029471383077,76.3844667376644,36.7843558500517,225.108686776943,6451.027,1655.472,3686.745,2696.662,551.057,447.001947360877,0.4271434
370000,山东省,2017,866.006127265453,427.441087698555,75.9288933774,36.0277726249282,223.543879619606,6974.348,1656.678,4486.144,2740.302,617.613,444.7780570755,0.4570505
370000,山东省,2016,777.510943454053,383.533074,66.98911027549,38.390315548571,268.39566,8334.579,1946.94,5007.691,3339.387,737.785,440.592429,0.6087471
370000,山东省,2015,774.010608252794,397.4436,67.8714389822594,37.0920923174599,275.38,9194.116,1903.436,5759.372,3750.799,790.481,423.9,0.6439166
370000,山东省,2014,770.24317444596,406.8,66.60592638102,36.0117401140387,279.6,9602.008,1903.414,5696.943,3898.988,834.751,388.02429,0.6399678
370000,山东省,2013,774.771279065373,392.8943228633,67.89594942,33.6873153545732,271.430794561714,9640.413,1884.941,5600.049,3931.07,805.977,396.2068,0.6171573
370000,山东省,2012,764.16404866418,376.69637858418,66.95853,33.1036416,283.92342527376,9617.972,1652.085,5082.697,4237.173,751.996,401.989374,0.6101045
370000,山东省,2011,711.0528783,346.9,66.23,32.4864,268.86687999409,8922.718,1626.854,4570.247,4083.211,727.946,401.187,0.5998212
370000,山东省,2010,704.360229249192,353.209893238356,68.6568792778814,32.67,253.051181170909,9010.602,1539.006,4708.818,4585.857,823.557,384.282945413936,0.6166513
370000,山东省,2009,684.134443445138,341.265597331744,69.6317234055593,32.9,236.27561267125,8660.33,1632.746,4592.81,4576.259,925.094,377.117708944,0.8129931
370000,山东省,2008,660.310000022418,321.342370368874,70.6742120121348,33.2104523007143,230.51279285,10930.642,2049.49,5026.31,4463.08,847.639,364.98354215095,0.929923
370000,山东省,2007,618.722,300.0986,69.23574,33.00319,218.99496,9626.0,1728.712,4464.55,5148.511,809.948,359.904641714113,0.911803
370000,山东省,2006,681.01313383905,361.8,65.48554537155,30.5013884675,215.8,18037.0,3260.0,8431.0,5868.0,918.0,353.888536592048,0.8472
370000,山东省,2005,753.9467025,367.0533904,80.7219669,36.3550598,187.0747,21581.0,4315.0,11250.0,6291.0,913.0,441.8334,0.8336
370000,山东省,2004,696.53,346.4193,79.5898,34.9881,160.8798,20082.0,4981.0,15101.0,8553.0,934.0,432.8712,0.8436
370000,山东省,2003,662.1097,332.6371,79.65,32.9275,124.3868,19761.0,4553.0,15208.0,8791.0,916.0,424.6878,1.0327
370000,山东省,2002,626.9977,314.8382,76.1473,30.2272,90.3,19527.0,4790.0,14737.0,8774.0,842.0,399.4099,1.0106
370000,山东省,2001,595.439366,298.7446,72.964526,27.5608,61.8,18377.86,4833.51,7818.18,8721.82,1030.36,379.0377,0.997589
370000,山东省,2000,560.15,285.88,69.18,24.8,45.7,17808.0,3917.0,9629.0,8618.0,1042.0,366.22,0.9676
410000,河南省,2019,560.418057345311,344.4293286,36.2173411353312,28.1064333637009,204.073305982947,3649.3449,421.374,2548.0247,2467.02,330.633,442.422832936345,6.109259845
410000,河南省,2018,669.410378656826,479.0394,34.8,26.9003,202.654722922489,4130.213,500.489,2584.529,2406.0975,312.5403,413.606446166363,6.13925366
410000,河南省,2017,655.839151067635,466.9,35.0397873,26.1,202.857580502992,5764.899,602.713,3239.248,2868.98,580.5443,401.181631896536,7.1486893
410000,河南省,2016,697.02463025,450.647406,83.013,26.4439,326.801,5713.4056,627.833,3357.607,2950.892,706.075,422.5,8.7822835
410000,河南省,2015,711.070235252,467.962,82.6,25.9,342.2,6892.278,817.948,4182.142,3095.636,767.3056,410.0,9.3985796
410000,河南省,2014,719.0007454,478.0,82.1,25.4,332.0,7364.621,816.728,4763.01,4816.537,846.931,404.0,9.5382813
410000,河南省,2013,699.051197229976,454.125,80.5608,24.7584972299758,316.4161,8263.0,944.0,4854.0,6213.0,887.0,410.23255,9.9053
410000,河南省,2012,677.354005,432.5,80.442,24.7504,316.1046,8439.0,883.048,4869.146,5849.0,867.711,404.1675,9.9607
410000,河南省,2011,641.6521,406.4,82.0,24.8,306.6,8250.0,875.34,4830.44,5770.0,858.8,390.5,9.96517
410000,河南省,2010,638.37035738976,408.29117738976,83.04633,25.2,290.911512,8930.04,969.7,6248.56,5235.38,933.1,388.59275,9.82651
410000,河南省,2009,615.00541812,389.59081812,83.97,25.8905,281.891,10418.97,947.61,6823.17,4887.02,885.21,382.85,10.0914
410000,河南省,2008,584.828009,367.1,84.1,26.5,279.1,10824.6,1086.02,6781.03,6220.54,896.93,371.7,10.246987
410000,河南省,2007,542.921,338.9816,82.111,25.298,215.6129,3958.0,1187.0,2771.0,3015.0,2750.0,336.724786879617,6.0346
410000,河南省,2006,584.602631354493,391.318215207947,82.0466205312,23.7742956153456,147.68,11920.0,963.0,7445.0,3175.0,489.0,329.476308101387,5.026
410000,河南省,2005,685.9474,440.8252,100.783,46.6612,104.0,11462.0,911.0,7135.0,2873.0,433.0,375.3,2.7441
410000,河南省,2004,641.5308,410.318,98.325,44.646,74.5,11182.0,1768.0,6665.0,2731.0,409.0,347.4,4.0523
410000,河南省,2003,603.5504,386.0,93.0,42.0,49.6,10680.0,1674.0,6195.0,2639.0,394.0,326.2,3.8229
410000,河南省,2002,570.01,366.4908,89.2,37.8465,36.0,8990.0,1586.0,5206.0,2421.0,422.0,302.0,2.5375
410000,河南省,2001,537.93,343.7744,89.225,34.5147,27.0,8645.0,1705.0,5173.0,2306.0,394.0,286.0045,1.6083
410000,河南省,2000,502.0,322.8812,83.0,32.0,16.1,7736.0,1585.0,4875.0,2641.0,277.0,270.0,2.3105
420000,湖北省,2019,349.20394772467,242.95481521356,15.9945880176989,9.8527977457235,13.38,9.0,,9.0,48.0,,178.75,2.2914
420000,湖北省,2018,430.94742419174,333.179944066868,15.8221268351952,9.74848891434006,12.81,9.0,,5.0,48.0,,171.53,2.3434
420000,湖北省,2017,435.348152417591,339.287112084387,15.7593232301077,9.67115737079153,12.7576947802068,7.9,,5.0,9.25,,168.165926774225,2.775
420000,湖北省,2016,425.238949910487,322.16970629527,23.1737713846154,8.88761748057696,16.86,8.0,,5.0,105.0,,167.77,2.4203
420000,湖北省,2015,433.317413244115,331.450451651368,22.9898525641026,8.81028493955572,16.85,7.0,,4.0,104.0,,165.29,2.743
420000,湖北省,2014,440.442127386382,339.600872593614,21.873938034188,8.6122138786618,16.1,4.0,,4.0,74.0,,155.06,2.6504
420000,湖北省,2013,430.079903902874,330.59500656,20.1727435897436,8.21603624561489,15.40475352,3.557,,3.557,73.4245,0.4,145.05,2.3288842
420000,湖北省,2012,412.27027044093,317.26968,18.9423214548027,8.15134768,15.34338,3.33,,3.33,74.86,,139.35951,2.007107
420000,湖北省,2011,381.928762876748,290.54,18.171,8.02298,14.22,3.5,,3.5,4.9,101.0,137.03,2.3163
420000,湖北省,2010,379.348997823196,286.95348,17.689662676696,8.09,13.9911926,,,,14.0,100.0,132.589002,1.5442
420000,湖北省,2009,367.007186549122,279.9,17.025661864,7.84447368512155,15.5113,3.1,,,10.7,,128.94,0.923336
420000,湖北省,2008,340.008384823369,260.3823,16.0927,7.29718482336888,15.5113,0.6,,0.6,9.87,157.3,124.0955,0.711719
420000,湖北省,2007,310.029999486454,236.94092304176,15.74186795874,6.09113925156,15.5113,2.0,,2.0,49.4,,110.289889317573,0.9929
420000,湖北省,2006,302.662669561287,233.59445652,14.850818829,5.562684248,13.8785,2.0,,2.0,91.4,,102.595245876812,0.88
420000,湖北省,2005,327.3131,256.33843,16.32145,5.9962,12.2223,4.0,1.0,1.0,16.0,,121.25,0.789
420000,湖北省,2004,309.323818,240.71355,15.86992,5.82992,11.6728,9.0,,,15.0,,118.1061,0.8221
420000,湖北省,2003,301.142139,238.584338,14.886935,4.926988,11.0714,20.0,,,452.0,,117.3735,0.8385
420000,湖北省,2002,278.2391582541,218.7955919842,14.648914782,4.302175465,10.1,23.0,1.0,9.0,30.0,,112.0984,0.7562
420000,湖北省,2001,264.2792,205.0905,13.4307,3.5517,8.8,24.0,17.0,3.0,36.0,,108.1805,0.8938
420000,湖北省,2000,248.8458,193.4904,13.7983,3.0395,5.6,35.0,24.0,10.0,52.0,,102.5592,0.9187
430000,湖南省,2019,459.418819,348.504,19.0,15.9,6.3,,,,2.01,1.0,114.7,1.119684
430000,湖南省,2018,541.719292,446.8,17.9,14.9,6.2,,,,2.0,1.0,105.4,1.019797
430000,湖南省,2017,543.250476319726,449.6,17.0,14.9376436013893,6.05102945301543,,,,2.19,0.81,103.2,0.989078480208531
430000,湖南省,2016,529.8218528,434.8,20.3997528,11.9712,10.1,,,,4.0,2.0,104.7,1.2948
430000,湖南省,2015,540.1424,448.0218,19.8828,11.6,9.7,,,,3.0,1.0,101.5,1.3017
430000,湖南省,2014,546.5242813741,458.1,18.9,11.1,9.3,,,,5.0,1.0,97.9,1.2713
430000,湖南省,2013,519.2256,430.5932,18.1944,10.7,8.9,,,,5.0,1.0,95.6,1.181
430000,湖南省,2012,515.26621,427.6,16.8,10.30161,8.5,,,,4.0,,95.183,1.1212
430000,湖南省,2011,489.4763,406.1,16.2,10.23,8.1,,,,3.0,,93.5,1.099
430000,湖南省,2010,494.789249991765,412.411922840965,16.2706271508,10.6,7.7953616,,,,2.0,,91.73448,1.0785
430000,湖南省,2009,476.348138195172,395.409321995172,15.7356162,11.0,7.6726,,,,2.0,,88.89,0.9972
430000,湖南省,2008,446.353138518554,370.233447561023,14.6106,10.5663909575316,7.6726,8.0,,,8.0,,87.4694,0.9826
430000,湖南省,2007,422.723500659354,348.484,14.604833369066,10.2986266642608,7.6726,3.0,3.0,,7.0,,85.6160287703425,1.1052
430000,湖南省,2006,437.006109990427,365.8,13.7521971460132,9.62537000418554,7.2749,3.0,3.0,,14.0,,78.3312248585018,1.0344
430000,湖南省,2005,523.453522,436.9684,18.1813,11.6492,6.909,3.0,3.0,,13.0,,92.0579,1.004
430000,湖南省,2004,517.090575,429.1177,16.8486,10.103375,6.657,3.0,3.0,,7.0,,88.0924,1.0033
430000,湖南省,2003,503.7902,419.3258,16.0787,9.3915,5.2508,3.0,3.0,,10.0,,64.5865,0.8741
430000,湖南省,2002,472.53995,396.8608,15.91605,8.069,3.0,3.0,3.0,,8.0,,62.7053,0.9598
430000,湖南省,2001,456.84666,389.76916,13.15,6.6758,1.8,2.0,2.0,,,,54.6514,0.7663
430000,湖南省,2000,434.7186,371.7571,13.4858,6.0988,1.1,3.0,3.0,,18.0,,52.298,0.5308
440000,广东省,2019,412.124611640628,221.934676164743,4.07546485398619,1.97281848643432,13.9156768017206,,,,3.0,,41.4774601858294,2.5696
440000,广东省,2018,449.899409654227,281.516197211997,4.0725666216324,1.96884831149765,13.8907223573583,,,,6.0,,39.2407381133675,2.4268
440000,广东省,2017,444.08143946604,277.963573112052,4.07976990359014,1.96386958000196,13.8834013871774,,,,6.0,,38.5039947642662,2.255105
440000,广东省,2016,415.491629577142,264.384323406373,7.0731100963768,0.889012999583954,12.9463668638453,,,,3.0,,33.3273038791947,2.1467
440000,广东省,2015,424.245737047354,274.150001167666,6.97318344110032,0.908082737062262,12.9454713397295,,,,2.0,,33.8361477383078,2.0497
440000,广东省,2014,429.433546869352,282.639744477214,6.97442545835786,0.898136933780157,13.512283991952,,,,2.0,,32.9669106069486,1.9208
440000,广东省,2013,435.2274655,277.77195,6.9706819,0.8883336,13.76,,,,4.0,,32.31,1.7655
440000,广东省,2012,443.2108,276.39,6.6833,0.8778,13.637,,,,3.0,,31.805,1.6362
440000,广东省,2011,434.680693360411,270.965283703411,6.5587,0.925,14.2289,,,,6.0,,34.8433,1.6079
440000,广东省,2010,441.0969725208,275.4552035208,6.269676,0.911203,14.225017,,,,6.0,,34.4085,1.5547
440000,广东省,2009,426.9912808,262.0886808,6.06,0.877,14.03,,,,5.0,,33.9,1.4448
440000,广东省,2008,411.974652417154,253.9619,5.7598,0.815452417154096,12.958,,,,3.0,,32.3512,1.318
440000,广东省,2007,385.682862749696,235.36780942896,5.3284671990225,0.745386121713068,12.6334,,,,3.0,,29.8028334698249,1.4489
440000,广东省,2006,382.078441749756,251.46133486,5.0506798095,0.697927080255682,12.16644,0.0,0.0,0.0,6.0,,28.5194578658612,1.3945
440000,广东省,2005,384.3109,256.2822,7.2109,0.7093,11.6415,,,,23.0,,33.1871,1.3664
440000,广东省,2004,360.458,237.73,6.3253,0.6284,10.9372,,,,9.0,,31.6745,1.2385
440000,广东省,2003,359.5994,234.45,5.8056,0.5531,10.5505,,,,11.0,,32.5169,1.2598
440000,广东省,2002,348.5309,225.75,5.0198,0.4914,10.8,,,,8.0,,32.8266,1.2736
440000,广东省,2001,333.3287,213.653,5.2129,0.4638,10.2,,,,32.0,,33.1399,1.2168
440000,广东省,2000,322.2311,206.8487,5.1676,0.4334,9.2,,,,10.0,,33.0842,1.5671
450000,广西壮族自治区,2019,380.037481475329,192.112596215857,12.4083860457843,3.4624722914,8.70692950826496,,,,,,25.088656030105,1.838783
450000,广西壮族自治区,2018,426.842535845669,263.890928867936,12.3160159263368,3.366199,8.86652699415984,,,,,,22.3149124167082,1.612826
450000,广西壮族自治区,2017,420.180279026362,254.967081031822,11.7072394737042,3.32335762983702,8.14189806626248,,,,,,24.1976609956006,1.50444
450000,广西壮族自治区,2016,411.192224062209,249.752957695432,14.7149817417097,3.26459492125444,9.66441106365456,,,,,,23.0872726945419,1.4229
450000,广西壮族自治区,2015,417.269773914347,258.8113551248,14.3784870821347,3.23928380789432,10.05661921296,,,,,,22.88048333976,1.3585
450000,广西壮族自治区,2014,420.019064761195,266.289325,14.3758981168386,3.23972949543084,9.65435192,,,,,,22.162287,1.3093
450000,广西壮族自治区,2013,420.0226614382,261.3375,14.33124,3.2407364382,9.55656,,,,,,22.71462,1.2417
450000,广西壮族自治区,2012,411.033659032573,252.495538817402,13.8561893151708,3.2472309,9.356527098,,,,,,21.8159045,1.1639
450000,广西壮族自治区,2011,391.078056712914,239.786836483763,14.267,3.2119,8.88306,,,,,,20.995,0.9752
450000,广西壮族自治区,2010,387.80324258336,241.53484390336,13.699344,3.3,8.209224,,,,,,20.024499,0.9286
450000,广西壮族自治区,2009,371.2532016,232.3344016,13.36,3.156,8.072,,,,,,19.338,
450000,广西壮族自治区,2008,350.76839958,218.3594,12.4514,2.922234432,7.5042,,,,,,17.9357,0.8071
450000,广西壮族自治区,2007,329.0444,206.1571,11.6521,2.6708,6.9518,,,,,,16.824258426181,0.8597
450000,广西壮族自治区,2006,321.140777429262,210.3,10.89043206,2.45994536926148,6.2659,0.0,0.0,0.0,0.0,,15.4634728181811,0.7896
450000,广西壮族自治区,2005,242.919272,186.00376,16.871,3.7623,5.354,,,,,,17.7386,0.7775
450000,广西壮族自治区,2004,210.4943,161.7424,14.5971,3.1956,4.819,,,,,,16.1427,0.6952
450000,广西壮族自治区,2003,227.1319,179.7608,12.93,2.8205,3.8166,,,,,,14.9628,0.6269
450000,广西壮族自治区,2002,248.54961,190.76,11.5927,2.6446,3.1,,,,,,14.9547,0.636
450000,广西壮族自治区,2001,266.1424,208.0752,10.4328,2.6025,2.0,,,,,,14.458,0.5903
450000,广西壮族自治区,2000,276.2398,206.849,9.7851,2.4677,1.7,,,,,,14.4514,0.5563
460000,海南省,2019,67.064993291754,29.4692282044474,2.2137,1.18993409031199,0.22642,,,,,,4.751,0.110395
460000,海南省,2018,79.86162,45.63,1.9305,1.147,0.19,,,,,,4.66,0.112665
460000,海南省,2017,78.674025374,44.4,1.847943234,1.14850814,0.499344444444444,,,,,,4.75,0.130157
460000,海南省,2016,76.3341746,42.8559768,2.5973038,1.09486,0.2231,,,,,,4.83,0.097861
460000,海南省,2015,78.041443,45.7863,2.55892,1.035,0.23,,,,,,4.383,0.102885
460000,海南省,2014,79.489112,48.57,2.59,1.092,0.23,,,,,,3.79,0.086541
460000,海南省,2013,82.853358,50.48,2.61793,1.06,0.226,,,,,,3.81,0.072786
460000,海南省,2012,79.529679,48.12,2.51,1.03,0.22629,,,,,,3.58,0.066652
460000,海南省,2011,71.639259,42.2,2.354,1.11148,0.19,,,,,,3.32395,0.073735
460000,海南省,2010,68.469696,41.230536,2.249904,1.1,0.190008,,,,,,3.500068,0.071667
460000,海南省,2009,66.049531,39.66,2.28,1.11,0.18,,,,,,3.19,0.05958
460000,海南省,2008,61.145615,36.889962,2.194013,1.039552,0.2363,,,,,,3.109513,0.067815
460000,海南省,2007,54.6553,32.5747,2.0168,0.9403,0.1428,,,,,,2.16772737206856,0.0781
460000,海南省,2006,50.702632374707,29.9593357749,1.956902435007,0.9060822,0.094,,,,,,2.14839184545942,0.0829
460000,海南省,2005,58.209478,36.960676,2.9599,1.3298,0.114,,,,,,2.6516,0.0718
460000,海南省,2004,52.256209,32.144882,2.8503,1.2752,0.1009,,,,,,2.6784,0.0832
460000,海南省,2003,46.99534,28.381725,2.7079,1.256,0.0604,,,,,,2.5912,0.0524
460000,海南省,2002,39.688514,23.260526,2.5688,1.2413,0.04,,,,,,3.1108,0.0455
460000,海南省,2001,39.6835,22.9074,2.3697,1.1492,,,,,,,3.1347,0.0654
460000,海南省,2000,37.9763,22.6657,2.0515,0.9914,0.032,,,,,,2.8704,0.0398
500000,重庆市,2019,163.805434,112.07168,7.26,6.77,4.19,1.33,,1.33,,,43.52,2.0839
500000,重庆市,2018,182.251777,132.16,7.2,6.76,4.89,1.42,,1.42,,,41.46,2.2023
500000,重庆市,2017,180.560112026002,129.97,7.28831202600217,6.8,5.05895645145412,4.0,,4.0,,,40.31,2.2984
500000,重庆市,2016,210.849639249755,151.30935,9.17,4.12,5.4534,4.0,,4.0,,,47.39,2.0147
500000,重庆市,2015,213.816012243775,156.15,8.83561098,3.81,5.44533,3.0,,3.0,,,45.36,1.899
500000,重庆市,2014,214.2062896234,158.54,8.35914,3.37,5.69,3.0,,3.0,,,43.21,1.7854
500000,重庆市,2013,207.84959,154.95,7.62,2.98809,6.8,4.0,,4.0,2.0,,41.09,1.5689
500000,重庆市,2012,201.2082,150.73,7.05,2.79,7.73,4.0,,4.0,2.0,,40.05,1.3812
500000,重庆市,2011,196.2795,148.55,6.65,2.61,8.0,4.0,4.0,,3.0,,37.42,1.2386
500000,重庆市,2010,192.4588407,147.5548,6.2722251,2.4453156,7.981911,4.0,4.0,,,,37.21772028,1.1915
500000,重庆市,2009,187.7029,146.5,5.9295,2.058,7.9422,4.0,4.0,,,,35.9661,1.0792
500000,重庆市,2008,177.4251275,140.6538,5.1886,1.7823275,7.7842,4.0,4.0,,,,41.2941,1.0289
500000,重庆市,2007,159.2671,130.2664,4.1753,1.5985,8.7095,4.0,4.0,,,,32.3499247058336,0.8458
500000,重庆市,2006,151.471615264056,124.7579965872,3.860649819,1.48045102785609,8.3456,4.0,4.0,0.0,8.0,,30.3185798555141,0.6773
500000,重庆市,2005,177.9568,143.8349,5.8324,3.5883,8.6076,4.0,4.0,,2.0,,39.1482,0.6293
500000,重庆市,2004,168.4445,137.1162,5.7293,3.4045,8.5143,4.0,4.0,,2.0,,36.5516,0.6231
500000,重庆市,2003,160.5516,132.0965,5.3281,2.7193,9.0608,5.0,5.0,,11.0,,35.3554,0.601
500000,重庆市,2002,152.9855,126.9273,5.0311,2.3628,8.1,8.0,8.0,,4.0,,31.5797,0.4911
500000,重庆市,2001,146.2803,122.6351,4.71,2.05,6.8,6.0,6.0,,,,29.7922,0.3849
500000,重庆市,2000,153.6057,132.1499,4.4043,1.8828,5.6,6.0,6.0,,,,27.8919,0.4437
510000,四川省,2019,559.530325732082,353.44895162478,36.4335091264874,27.0807,66.74,5519.0,1735.0,2863.0,569.0,142.0,161.7031,5.52526
510000,四川省,2018,664.739398656566,481.202649003477,34.4687881991366,26.3065,64.238,5475.0,1719.0,2847.0,558.0,140.0,148.8026,5.4287
510000,四川省,2017,653.816840001193,472.230273801253,33.3109340761226,27.2368338416225,63.70118707533,5840.08290757204,1841.21992109129,3055.00935696224,524.048440120464,141.657844719702,144.5,5.76677140024151
510000,四川省,2016,696.293928348575,494.481962095553,36.858163756,26.8872989552048,62.759790222,6422.0,1938.0,3491.0,593.0,144.0,148.120224784923,4.8791
510000,四川省,2015,706.795064669452,512.416541031661,35.372518,26.3490684656244,67.4836454,6375.0,1854.0,3438.0,583.0,143.0,146.6533068,4.803
510000,四川省,2014,714.744788567225,527.177511349446,33.3703,25.3085,70.8118,6232.0,1733.0,3303.0,271.0,89.0,145.3452,4.7156
510000,四川省,2013,690.394208659253,510.8318208,31.0909461100098,24.547929,70.6324926844602,6106.0,1671.0,3243.0,695.175,33.825,145.2,4.5442
510000,四川省,2012,670.230937794736,496.4352,29.2758437947361,24.0195,71.7081144004672,7359.0,1033.0,4371.0,535.0,33.0,146.439306,4.7636
510000,四川省,2011,651.1665,484.8,28.9294,23.9,71.2033746786051,7152.0,967.0,4206.0,510.0,30.0,144.846,4.3344
510000,四川省,2010,656.638893850889,492.213873014366,29.4050299914744,24.8000908450483,69.8072300770638,7060.0,887.0,4151.0,461.0,34.0,144.391986383207,4.3048
510000,四川省,2009,632.810283156059,474.1944826728,28.913500483259,24.3,68.1711231221326,6949.0,862.0,4039.0,516.0,27.0,144.103778825555,4.5044
510000,四川省,2008,591.5210572,436.2414744,28.6764488,23.998307,66.076422,6627.0,784.0,3513.0,555.0,18.0,143.0147,4.1923
510000,四川省,2007,564.170176870907,408.4658,28.5995894361472,23.79678743476,64.9821,6552.0,722.0,3567.0,690.0,33.0,145.218467203789,4.2041
510000,四川省,2006,621.2437916388,481.8,26.4363883488,21.83600329,62.0428,6047.0,827.0,3024.0,579.0,23.0,141.125818468211,3.8863
510000,四川省,2005,653.5507,513.687,28.4986,20.0051,58.5645,5801.0,804.0,2895.0,495.0,21.0,157.1682,3.4704
510000,四川省,2004,609.1304,480.2,27.0,18.8,52.6128,5375.0,712.0,2455.0,426.0,23.0,145.2134,3.2613
510000,四川省,2003,581.7688,461.6,25.6,17.4,45.44,5059.0,456.0,2254.0,412.0,21.0,133.612,3.2944
510000,四川省,2002,568.0127,458.85,23.64,16.8,38.9,4800.0,378.0,2129.0,433.0,30.0,121.1137,2.9396
510000,四川省,2001,541.336,441.2,22.3,16.3,33.0,4288.0,351.0,1814.0,384.0,43.0,108.759,2.6567
510000,四川省,2000,555.545,419.1007,23.8252,16.2445,28.5,4108.0,291.0,1624.0,398.0,25.0,99.6996,2.2681
520000,贵州省,2019,205.870557,150.32,21.51,4.9797,5.29,613.37,165.75,447.62,77.09,7.4,22.95,0.401798
520000,贵州省,2018,213.731669,164.84,19.9,5.03,4.58,600.2,166.3,433.9,84.6,8.1,20.03,0.379292
520000,贵州省,2017,206.465043533955,160.1,19.06,4.81,4.40424676587091,597.0,160.0,436.0,84.0,10.0,18.69,0.3566
520000,贵州省,2016,199.2820042,154.9620842,17.85,4.4982,6.39,589.5,154.3,435.2,78.3,9.1,18.3,0.30748
520000,贵州省,2015,201.94395,160.74905,16.76,4.2,6.2,537.4,140.0,397.4,70.4,8.5,17.33,0.30173
520000,贵州省,2014,201.805372196123,165.55,14.68,3.75230435612316,5.71,405.2,107.97,297.23,59.79,1.03,16.2,0.254451
520000,贵州省,2013,199.73541650105,163.73,14.131,3.50682650104969,5.4519,462.513,104.733,288.3,58.0,1.0,15.44,0.2468
520000,贵州省,2012,190.26918,156.13,13.04,3.53,5.1,453.0,81.0,288.0,66.0,,14.65,0.20521
520000,贵州省,2011,179.972956616191,148.29,12.0,3.37,4.85,438.5,126.0,309.0,158.1,3.0,13.65,0.20292
520000,贵州省,2010,179.08777,148.0857,11.9928,3.4,4.58878,441.2,131.0,303.2,53.0,3.0,12.505,0.18935
520000,贵州省,2009,169.6259,140.1,11.4,3.23,4.49,434.0,105.0,329.0,38.0,3.0,12.2,0.2017
520000,贵州省,2008,161.455445643354,134.601349108826,10.2194920738519,3.03718679888704,4.2668,426.0,100.0,326.0,13.0,3.0,10.815,0.3093
520000,贵州省,2007,150.592239701043,125.6337595637,9.46519341768,2.7816443445,4.0636,426.0,67.0,359.0,23.0,4.0,10.3458969926702,0.1988
520000,贵州省,2006,163.824214486622,138.844731845,9.101147517,2.7405363,4.0884,385.0,65.0,320.0,22.0,1.0,10.0153891506972,0.2255
520000,贵州省,2005,167.508127,136.686227,12.4992,5.501,3.7522,346.0,59.0,287.0,10.0,1.0,11.1106,0.1675
520000,贵州省,2004,147.950108,119.991026,11.382704,5.01921,3.562625,318.16,56.43,261.73,30.0,2.0,9.920174,0.1784
520000,贵州省,2003,152.52783,126.934473,10.126961,4.4975,3.377216,347.23,63.0,284.23,27.0,1.0,9.116213,0.1394
520000,贵州省,2002,138.639043,115.2135,8.970693,4.494437,2.5,301.68,48.0,253.68,36.08,,7.92714157934628,0.173606
520000,贵州省,2001,131.655762,110.884434,7.5792,4.3425,2.0,287.31,42.0,245.31,44.0,,7.004916,0.1423
520000,贵州省,2000,123.82109,104.80899,6.9854,4.2127,1.7,273.0,39.0,220.0,26.0,,6.5259,0.1567
530000,云南省,2019,405.8702126456,287.54328,39.0139031952,20.0275181954,59.874806,1317.0,285.0,923.0,103.0,130.0,35.7997460376,1.1413
530000,云南省,2018,427.157429,323.81,36.020592,18.635222,58.21,1534.0,304.0,1005.0,102.0,6.0,32.718312,1.1988
530000,云南省,2017,419.152864456674,320.160988829502,35.82,18.1478868466783,56.8316979939756,1607.0,208.0,1121.0,110.0,4.0,30.3190508709119,1.1204
530000,云南省,2016,375.631489091272,283.676547912958,35.2418815928678,15.1333595854456,56.93,1411.0,235.0,895.0,96.0,13.0,26.44,1.116
530000,云南省,2015,378.306398547685,288.5824495554,34.28198598528,14.9835243420253,54.999,1369.0,183.0,905.0,96.0,8.0,25.98246,1.0218
530000,云南省,2014,378.523532869955,292.3834342,33.57687168,14.5527625699547,58.2,1411.0,215.0,865.0,87.0,6.0,24.26,0.9751
530000,云南省,2013,359.400721592068,275.9636,31.79628,13.999771592068,54.51,1741.475,161.0,1487.947,632.44,10.56,23.24,0.7302
530000,云南省,2012,348.679158,264.08,31.857258,13.5512,53.69975,1699.0,165.0,1103.0,149.0,10.0,22.1263,0.7511
530000,云南省,2011,324.3575,243.86,30.691,13.03,52.39,1602.0,172.0,1074.0,155.0,5.0,21.65,0.7352
530000,云南省,2010,321.3733101316,242.52625145,29.8909704,12.9032977944,50.4070626,1865.0,237.0,1310.0,70.0,9.0,20.7962094,0.6453
530000,云南省,2009,304.59429,230.8235,27.9878,12.0704376,48.3753,1744.0,231.0,1002.0,104.0,,20.7547,0.6903
530000,云南省,2008,288.2861,219.5805,26.1248,11.4738,44.6705,1489.0,191.0,962.0,86.0,3.0,19.4116,0.6338
530000,云南省,2007,266.097942782783,203.59924,24.7747231272703,10.187,42.3467,3862.0,288.0,1155.0,76.0,3.0,17.9513400029963,0.6239
530000,云南省,2006,293.887484760852,235.9,22.92589453712,9.31530997,36.3991,1999.0,521.0,1092.0,101.0,3.0,16.8874317996203,0.666
530000,云南省,2005,298.5982643,244.1869,21.7263,10.1047,30.91042,1959.08,312.91,1141.09,63.28,4.0,18.995413,0.645007
530000,云南省,2004,277.7983,228.3367,19.8141,8.948,26.855,1704.0,316.0,1064.0,75.0,1.0,16.486,0.6737
530000,云南省,2003,253.6854,208.7681,17.5817,8.1781,21.7489,1758.0,338.0,937.0,100.0,6.0,14.3853,0.6787
530000,云南省,2002,235.8334,195.8607,15.6801,7.1962,17.5,1569.0,325.0,963.0,92.0,34.0,13.1574,0.6365
530000,云南省,2001,219.5391,183.685,13.8199,6.3393,15.6,1660.0,319.0,1121.0,90.0,9.0,11.8038,0.6331
530000,云南省,2000,204.8666,172.6359,12.7679,5.8041,13.0,1690.0,365.0,1085.0,118.0,,10.6295,0.6729
540000,西藏自治区,2019,28.3753506398148,0.830019,21.150599,5.771324,42.392431,7590.49,1223.36,2041.06,843.53,793.47,0.536644,0.005428
540000,西藏自治区,2018,28.395668,1.0452,20.86,5.8641,36.44,7967.72,1345.84,2266.96,937.24,853.37,0.493135,0.002218
540000,西藏自治区,2017,32.0658626500551,1.14,22.54,6.35,37.06,7857.0,914.843,2937.7,1029.64,834.225,0.5,
540000,西藏自治区,2016,27.7169233604176,1.543281160512,16.1787272784112,8.22969972088248,29.7347150059917,7771.32447,788.29187,2609.53634,834.2701,971.07169,0.479600221115579,
540000,西藏自治区,2015,28.0240775263734,1.52800114902178,16.5089053861338,8.22969972088248,30.0350656626179,7686.77,780.487,2586.26,826.01,962.41,0.479600221115579,
540000,西藏自治区,2014,26.3872927639811,1.54187805148515,16.0436398310339,7.88062606788964,28.991376122218,7607.29,503.54,2781.58,841.79,924.47,0.476739782421053,0.00167
540000,西藏自治区,2013,26.824797243934,1.4974008,15.94355954418,8.566892488896,26.967066,8027.92,369.4086,2885.23,825.29,922.99,0.468520131,0.005546
540000,西藏自治区,2012,25.19389662316,1.4552,15.05529702,8.50918,25.5612,8768.31,267.3,3276.95,1428.54,1006.18,0.429441,0.00988
540000,西藏自治区,2011,26.135048914,1.36,14.77458,8.63,23.8,8514.26,443.05,3091.82,1582.04,1017.57,0.3329,0.005387
540000,西藏自治区,2010,24.984240844,1.263246,14.77458,8.70682,23.28255765,8171.75,997.28,1681.52,1305.87,1116.97,0.2858000086985,
540000,西藏自治区,2009,24.02711,1.217,14.22,8.38,22.9815,8837.0,669.0,1501.0,1224.0,550.23,0.284831581322005,
540000,西藏自治区,2008,23.7797399229115,1.209,14.1865979229115,8.281032,22.9815,8658.99,449.14,1830.95,1375.14,932.55,0.284831581322005,
540000,西藏自治区,2007,23.7160027541565,1.209,14.1865979229115,8.17904673312,22.9815,9291.0,277.0,3038.0,1160.0,932.27,0.284831581322005,
540000,西藏自治区,2006,22.6685172376468,1.3,12.8969072026468,8.32896816,21.568413,8920.02,829.43,3215.09,1230.84,934.86,0.286550886641856,0.0292
540000,西藏自治区,2005,21.459096,1.221703,12.76241,7.474983,21.21193,8718.36,336.13,2004.91,1225.68,906.49,0.4043,0.029164
540000,西藏自治区,2004,20.825,1.0418,12.1891,7.5941,20.289,9125.0,157.0,3447.0,1153.0,853.0,0.2937,0.0132
540000,西藏自治区,2003,19.0128,0.8758,10.7699,7.3671,19.627,8746.0,196.0,3324.0,1181.0,853.0,0.2185,0.0112
540000,西藏自治区,2002,17.2176,0.9182,9.4034,6.896,19.0,8472.0,147.0,2970.0,1468.0,815.0,0.2539,0.0015
540000,西藏自治区,2001,16.0069,0.8338,8.9433,6.2298,18.1,8101.0,125.0,5719.0,1051.0,705.0,0.2424,0.002
540000,西藏自治区,2000,14.9,0.79343,8.476985,5.663346,16.2,7947.49,103.12,5417.75,1833.74,682.49,0.202852,0.002612
610000,陕西省,2019,109.534663446794,80.9400056555996,8.49470926946672,9.25,107.77198608,2962.85,1009.42,1648.03,1690.05,1438.0,64.109465541,0.6921343
610000,陕西省,2018,114.450576482492,86.5668509685557,8.23667119873033,9.56735200593166,109.74744,3059.31,1044.05,1679.73,1747.31,1478.26,61.584501,0.5677486
610000,陕西省,2017,113.408806492367,85.8342289923673,8.332958,9.8,107.275086463049,3107.6,1086.3,1704.8,1744.0,1492.53,60.08244,0.564721
610000,陕西省,2016,111.723703,85.899,8.028,7.9946,140.20167,5015.68,1805.4,2562.83,2326.02,1886.68,59.32,0.7362118
610000,陕西省,2015,116.2316971,90.42,7.9,7.81033,141.19,5934.47,2500.5,2740.17,2371.85,1971.84,58.055,0.655013
610000,陕西省,2014,116.7459742325,91.8,7.681152,7.488432,144.67,7184.52,2801.01,3153.42,2868.55,2205.31,54.5,0.6266173
610000,陕西省,2013,112.564584943662,88.343,7.5225,7.03848494366197,141.091,6854.0,2634.0,2581.0,3113.47,1714.0,55.4,0.5308137
610000,陕西省,2012,107.09285,83.45,7.50085,6.8541,141.7645,6682.0,2971.0,2142.0,2881.0,1714.0,51.8593,0.4989
610000,陕西省,2011,99.599003,77.3,7.39,6.7,140.5,6074.63,2606.06,1891.46,2248.52,1642.32,50.3,0.4457314
610000,陕西省,2010,102.62352,79.125,7.30002,7.2635,137.45796,6921.0,3092.0,2215.0,2320.0,1496.0,47.06978,0.4272
610000,陕西省,2009,98.6812,75.0,7.8,7.3,149.2,5655.0,2515.0,1507.0,2152.0,1217.0,48.05,0.4065
610000,陕西省,2008,99.3837119929541,73.47,7.58516151822,7.3666504747341,149.0222,3700.0,1006.0,831.0,1692.0,883.0,48.2,0.4948
610000,陕西省,2007,96.0175443541599,70.1539660302649,7.58516151822,7.002519462675,149.0222,5121.0,1897.0,1473.0,1834.0,1029.0,43.292505393191,0.3774
610000,陕西省,2006,102.06661022158,77.51819450858,7.122217388,6.430229075,127.3645,5611.0,2100.0,1404.0,1764.0,1027.0,41.035550135726,0.3319
610000,陕西省,2005,102.82321,68.41561,11.8714,9.3368,113.3389,5868.0,2205.0,1737.0,1338.0,793.0,48.7289,0.2882
610000,陕西省,2004,101.63051,69.91941,11.1632,8.4354,96.1935,5286.0,2349.0,1733.0,1230.0,835.0,48.3789,0.2817
610000,陕西省,2003,92.06809,61.96989,10.47,7.9433,74.2077,4187.0,1872.0,450.0,1148.0,765.0,49.0472,0.31
610000,陕西省,2002,86.98842,60.22182,9.3908,6.8501,54.0,3220.0,1601.0,388.0,1055.0,637.0,46.3563,0.2923
610000,陕西省,2001,85.532995,61.836495,8.1703,5.7542,43.5,3415.0,2050.0,332.0,896.0,586.0,42.4777,0.2588
610000,陕西省,2000,83.2177,60.9424,7.8569,5.3976,39.2,3593.0,2080.0,390.0,1007.0,546.0,42.4866,0.2842
620000,甘肃省,2019,101.673341,47.9688,22.7482,25.0,44.1,30453.93,8369.55,5327.88,1623.11,324.62,15.1,0.491432
620000,甘肃省,2018,101.207875,50.6,21.4,23.6,40.5,29292.97,9140.32,5180.88,1620.51,324.1,14.1,0.392233
620000,甘肃省,2017,99.137924523819,49.882,20.961,22.758,40.4,27529.6333982497,8095.10820809296,5667.73853728818,1898.34673307404,455.47255210628,13.8305,0.220168
620000,甘肃省,2016,97.3229,48.9712,20.02,21.05,39.998,29828.0,10147.0,6823.0,1986.0,463.0,15.057,0.1857
620000,甘肃省,2015,96.3482,50.8,18.8,19.63,39.31,32152.0,9974.0,6712.0,1988.0,398.0,15.29,0.1685
620000,甘肃省,2014,95.4729753948,52.7,18.06,17.91,39.6,31866.0,9693.0,6603.0,2141.0,428.0,15.45,0.1484
620000,甘肃省,2013,91.0108,50.787,17.16,16.569,38.50387164,29991.0,9602.0,6390.0,2003.0,400.0,14.5,0.1189
620000,甘肃省,2012,87.81414,48.6,16.72104,15.9,37.97226,29484.0,9350.0,6143.0,1906.0,381.0,14.7,0.1003
620000,甘肃省,2011,83.75302,45.81,16.14,15.43,37.01,28993.0,9349.0,5881.0,1877.0,375.0,14.2,0.0888
620000,甘肃省,2010,84.36194,46.2984,16.07969,15.6,36.281644,27546.0,8099.0,5229.0,1696.0,,13.80965,0.094
620000,甘肃省,2009,82.8828,45.84,15.07,15.64,37.66,26127.0,8544.0,5516.0,1762.0,359.0,13.9,0.0852
620000,甘肃省,2008,79.0991,42.92,14.77,15.35,34.6925,24733.0,7767.0,5054.0,1711.0,342.0,11.88,0.1051
620000,甘肃省,2007,76.8857,41.8,14.5,14.6,34.6925,22365.0,7484.0,4389.0,1860.0,434.0,12.364379029079,0.1257
620000,甘肃省,2006,80.460467919717,46.3723321761,13.91919936,14.068288835617,35.9073,21738.0,7201.0,4585.0,1948.0,423.0,12.157698160353,0.1309
620000,甘肃省,2005,82.09612,50.4612,12.81312,12.4608,31.1867,21134.0,7064.0,4534.0,1794.0,416.0,14.4803,0.1237
620000,甘肃省,2004,76.64054,48.19824,11.27196,11.22864,25.5116,20148.0,5831.0,3992.0,1633.0,327.0,13.7287,0.1338
620000,甘肃省,2003,75.88442,48.66264,10.653,10.57328,22.184,16976.0,5709.0,4013.0,1646.0,370.0,13.4419,0.1477
620000,甘肃省,2002,70.12536,46.00872,9.487,9.33904,16.8,15314.0,5277.0,3229.0,1573.0,356.0,12.4102,0.141
620000,甘肃省,2001,65.133655,43.389735,8.71514,8.36108,15.2,14676.0,5354.0,2999.0,1560.0,351.0,11.9078,0.1807
620000,甘肃省,2000,58.8595,38.9243,7.8507,7.5341,13.3,14145.0,5274.0,3044.0,1559.0,503.0,11.1737,0.1846
630000,青海省,2019,37.40745,7.7,14.6298,13.93045,34.87,18245.0,2233.0,7098.0,817.0,379.0,2.34,0.0153
630000,青海省,2018,36.5322,9.15,13.18,13.12,32.57,17600.0,2279.0,6873.0,700.0,355.0,2.33,0.164
630000,青海省,2017,35.3037,8.67,12.86,12.68,32.4279405538221,17834.0,2070.0,6146.0,844.0,411.0,2.46,0.1529
630000,青海省,2016,36.0449177432305,10.5051492,12.1810397553517,11.9816287878788,33.0,17506.0,2062.0,6787.0,872.0,435.0,2.39294117647059,0.1526
630000,青海省,2015,34.7438581854324,10.3194,11.49,11.55764,31.5,17365.0,2094.0,5525.0,888.0,422.0,2.26,0.1536
630000,青海省,2014,33.3900553524,10.53,10.61,10.92,30.5,17110.0,572.0,6188.0,931.0,397.0,2.18,0.1533
630000,青海省,2013,31.8076701547153,9.90256,10.277,10.5297187547153,27.55,17928.0,444.0,6699.0,955.0,425.0,2.26,0.1531
630000,青海省,2012,30.47256,9.44396,9.5613,10.3873,27.55312,18076.0,469.0,5692.0,1073.0,398.0,2.01,0.1029
630000,青海省,2011,28.8397607,9.16,8.7,9.94,26.96,17537.0,525.0,5185.0,1874.0,414.1,1.76,0.1044
630000,青海省,2010,28.287996,9.182808,8.45883,9.78,26.21538552,16894.0,873.0,4796.0,1083.0,417.48,1.5590379,0.1059
630000,青海省,2009,26.9078,9.192,8.1,8.8466,25.3142,14573.0,690.0,4531.0,805.0,416.0,1.5151,0.1043
630000,青海省,2008,25.5131,8.7409,7.2767,8.6723,25.2757,14560.0,585.0,3789.0,809.0,347.0,1.3903,0.103
630000,青海省,2007,31.4364936182336,7.5777,14.52,8.6814,24.9826,14551.0,462.0,4256.0,827.0,355.0,1.25799834179289,0.0561
630000,青海省,2006,25.6992100048737,7.9333638375,8.80241801080238,8.34009833897135,23.8,16505.0,429.0,4341.0,1156.0,357.0,1.2026752789607,0.0546
630000,青海省,2005,25.7522,8.5506,7.4356,9.1581,23.6166,16501.0,662.56,4382.36,1151.0,355.0,1.3884,0.0548
630000,青海省,2004,24.8167,8.0136,7.2983,8.8438,22.75,16629.0,743.0,4515.0,1105.0,341.0,1.4062,0.0746
630000,青海省,2003,23.6651,7.4195,7.0932,8.4919,22.1398,16483.0,450.0,3873.0,866.0,319.0,1.4005,0.0484
630000,青海省,2002,22.7875,7.1703,7.0293,8.0001,22.0,15930.0,1043.0,4670.0,763.97,314.0,1.3672,0.0481
630000,青海省,2001,22.1856,7.0037,6.9973,7.6269,21.7,15775.0,346.0,4308.0,791.0,313.0,1.2941,0.0048
630000,青海省,2000,20.8323,6.953,6.3529,7.0011,20.6,15588.0,308.0,4447.0,745.0,310.0,1.3392,0.0051
640000,宁夏回族自治区,2019,33.5270879237156,7.8159083411515,11.4557902194617,10.4064806665796,183.360142294345,9981.0,3042.0,2975.0,718.0,626.0,13.8601370601721,0.1355
640000,宁夏回族自治区,2018,34.1381894255746,8.83989943425257,11.5158388217689,9.90486283769002,168.288158893773,9746.0,4380.0,2221.0,786.0,663.0,14.37697634,0.1149
640000,宁夏回族自治区,2017,33.4626301913189,8.90797564933465,10.9178908,9.90603284538524,160.065903875897,10898.0,3801.0,3058.0,835.0,609.0,15.2711766950216,0.1101
640000,宁夏回族自治区,2016,30.886608631244,7.465858499244,10.4239362,10.523526344,139.4654098465,10878.0,3812.0,3012.0,784.0,589.0,9.65532630948794,0.1018
640000,宁夏回族自治区,2015,29.2216677649769,7.0833016524185,9.74665324468082,10.111439859336,136.531202662,10048.0,2588.0,2887.0,853.0,532.0,8.776389808,0.1041
640000,宁夏回族自治区,2014,28.50680455,7.651375,8.79412,9.514,135.74,10269.0,1727.0,2785.0,846.0,491.0,8.30316305732484,0.0971
640000,宁夏回族自治区,2013,27.3717592971682,7.092271,8.67,9.03660172272819,104.19,9237.0,1648.0,2107.0,844.0,476.0,7.44,0.1037
640000,宁夏回族自治区,2012,26.52684862,7.66732,7.90636,8.45445,103.488,8317.0,1470.0,1796.0,796.0,450.0,6.18,0.0946
640000,宁夏回族自治区,2011,25.2387,7.32,7.48,7.85,96.0,7612.0,895.0,1899.0,623.0,448.0,7.29,0.0864
640000,宁夏回族自治区,2010,25.713344,8.528876,7.491848,7.3,84.54788,6889.0,374.0,1827.0,535.0,378.0,7.150132,0.0826
640000,宁夏回族自治区,2009,25.5541,9.16,7.28,6.8,81.14,5674.0,187.0,2319.0,349.0,317.0,7.48,0.0758
640000,宁夏回族自治区,2008,23.566155,8.4502,6.8261,5.87544,89.22029,5768.0,346.0,1086.0,521.0,254.0,6.4448,0.0771
640000,宁夏回族自治区,2007,22.7851077218841,8.3,6.5,5.7,77.4546,5040.0,664.0,1419.0,441.0,243.0,5.65386411211001,0.0546
640000,宁夏回族自治区,2006,21.6130127174407,7.97568730061558,5.55923368,5.48197997387513,64.7342,7221.0,1127.0,1530.0,471.0,229.0,5.17279424712719,0.0621
640000,宁夏回族自治区,2005,26.1849512299699,10.6713415406182,5.20341971103127,6.40359451347853,57.85,8936.0,1168.0,2001.0,519.0,253.0,7.8314,0.0977
640000,宁夏回族自治区,2004,24.3505,10.1639,4.6554,6.06,46.0576,8689.0,990.0,1971.0,787.0,259.0,7.8151,0.0849
640000,宁夏回族自治区,2003,23.3811879547005,10.6555759514915,3.74249555846537,5.51984013330288,38.5851,7389.0,469.0,1784.0,843.0,444.0,8.7093,0.0629
640000,宁夏回族自治区,2002,18.9059,8.7915,2.9071,4.4751,30.7,6718.0,244.0,1476.0,873.0,426.0,9.0424,0.1034
640000,宁夏回族自治区,2001,16.311,7.6003,2.5113,3.7141,27.6,6068.0,156.0,1619.0,863.0,404.0,8.7013,0.0815
640000,宁夏回族自治区,2000,18.5194,8.8395,3.3051,3.3094,23.6,4703.0,154.0,590.0,715.0,364.0,7.5741,0.0807
650000,新疆维吾尔自治区,2019,170.74746757552,37.6189103435619,44.5234856460624,60.3241114023812,204.420327495948,72389.7,13823.7,13750.7,1402.0,980.54,40.460165,1.75794
650000,新疆维吾尔自治区,2018,161.953096344747,38.0993967269229,41.967306262352,59.3783132172591,194.853842065334,76561.711,16119.06,15524.87,1881.71,883.48,37.27163843612,1.95813
650000,新疆维吾尔自治区,2017,159.852962749353,35.8024097242294,43.0400143536027,58.241446967936,191.86,105945.74,15627.19,17282.43,3070.77,1125.48,37.3738276,0.942563
650000,新疆维吾尔自治区,2016,160.968639920661,33.9035359557961,42.47906908016,58.3156063948537,156.08154,101205.5,14928.0,16509.18,3057.98,1120.79,36.12862,0.992836
650000,新疆维吾尔自治区,2015,153.182974980879,33.0766204446791,40.44982146,55.433085926667,155.77,96862.35,14918.35,16826.96,3016.43,1218.27,32.64,1.10163
650000,新疆维吾尔自治区,2014,149.254304480764,33.8552921644617,39.15762,53.6103345519023,147.525448144,92900.0,14900.0,13600.0,3900.0,1200.0,30.5198581651236,0.97
650000,新疆维吾尔自治区,2013,139.396858105286,31.32585,37.82336,49.7143481052863,134.98641,91620.0,28574.0,13687.0,3909.0,1227.28,28.17,1.2805
650000,新疆维吾尔自治区,2012,134.2307749,30.15,36.1576026,48.0147723,132.21,88490.0,27935.0,12754.0,3491.0,1225.0,25.8866955505966,1.1336
650000,新疆维吾尔自治区,2011,127.28239947276,29.8,33.7606,46.43595,130.5,86918.0,29584.0,13478.0,3169.0,1261.0,25.6050401093933,0.9542
650000,新疆维吾尔自治区,2010,121.736322,23.049989,35.468972,46.95,128.604232,83950.0,29116.0,12390.0,2909.0,1323.97,24.35072,0.8566
650000,新疆维吾尔自治区,2009,115.35,22.03,33.88,43.8,120.88,71600.0,25600.0,13500.0,4400.0,1260.77,23.2,0.77
650000,新疆维吾尔自治区,2008,115.317949979688,22.29,32.42,45.9681499796881,137.35876,84026.0,24229.0,16823.0,6300.0,1156.78,24.89,0.5462
650000,新疆维吾尔自治区,2007,125.7447526226,17.54724,31.44256,60.5479673,196.2268,89152.56,26855.1,21874.43,4199.26,1265.42,21.3100955030703,0.59059
650000,新疆维吾尔自治区,2006,123.91119024923,15.92812033323,29.18089552,62.3563,179.811763,89626.96,29097.27,21923.97,6609.0,1254.05,21.2040751274332,0.550445
650000,新疆维吾尔自治区,2005,143.273,26.18,34.22,59.89,152.21737,89772.4,29078.5,22174.14,4067.1,1258.0,24.9929,0.4886
650000,新疆维吾尔自治区,2004,128.12995,24.58,30.42,52.65,133.32,84906.53,28737.75,19255.98,4229.14,1228.2,24.986335,0.48035
650000,新疆维吾尔自治区,2003,110.0,17.4057,28.7743,45.5438,113.0,78419.0,28287.0,17737.0,3658.0,1143.0,23.6194,0.3926
650000,新疆维吾尔自治区,2002,100.16,14.86,25.8985,42.6172,94.9,74422.0,28832.0,15863.0,3361.0,1034.0,22.6366,0.3497
650000,新疆维吾尔自治区,2001,90.8357,12.2003,23.9898,40.4844,81.1,69921.0,26402.0,12312.0,3127.0,973.0,20.3736,0.3061
650000,新疆维吾尔自治区,2000,83.6316,10.81,22.2428,37.4966,72.5,66678.0,28853.0,8361.0,3110.0,893.0,18.5276,0.2528
