省份编码,省份,年份,500万元以下固定资产投资(不含农户)(亿元),500万元-1亿元固定资产投资(不含农户)(亿元),1-5亿元固定资产投资(不含农户)(亿元),5-10亿元固定资产投资(不含农户)(亿元),10亿元以上固定资产投资(不含农户)(亿元)
110000,北京市,2019,,,,,
110000,北京市,2018,,,,,
110000,北京市,2017,,353.0257,747.5972,498.612,3015.5584
110000,北京市,2016,,342.7237,730.1772,534.0964,2281.1179
110000,北京市,2015,,470.4674,660.8475,654.2444,1483.4124
110000,北京市,2014,,371.419,691.5362,586.2073,1508.9442
110000,北京市,2013,,456.3091,762.2776,630.8682,1464.6779
110000,北京市,2012,,282.8556,664.9251,430.3385,1533.298
110000,北京市,2011,,477.5959,546.9667,290.8927,1168.0732
110000,北京市,2010,10.7,239.8,436.8,246.0,1082.2
110000,北京市,2009,10.0774,246.2107,404.0584,205.5407,946.029
110000,北京市,2008,10.3354,218.1696,317.6855,220.8113,845.2065
110000,北京市,2007,8.1119,182.273,373.4646,188.8341,848.7854
110000,北京市,2006,5.051,181.2918,352.9679,211.9402,541.3319
110000,北京市,2005,3.2436,130.13,288.3577,167.2648,481.4037
110000,北京市,2004,3.4891,144.7511,277.6131,98.5063,335.3591
110000,北京市,2003,3.6534,,660.7783,360.9991,773.2362
110000,北京市,2002,,,,,
110000,北京市,2001,,,,,
110000,北京市,2000,,,,,
120000,天津市,2019,,,,,
120000,天津市,2018,,,,,
120000,天津市,2017,,5961.2555,816.8158,497.965,1765.2649
120000,天津市,2016,,6058.7497,1301.1691,883.0137,2213.4161
120000,天津市,2015,,5246.1348,1545.3117,1233.9449,1917.6334
120000,天津市,2014,,2916.3139,2721.4122,1113.8868,2039.1031
120000,天津市,2013,,2484.6809,2099.8444,1029.7609,2007.9095
120000,天津市,2012,,2113.3411,1547.4842,912.816,2079.6221
120000,天津市,2011,,1700.3647,1013.8224,553.6001,2692.647
120000,天津市,2010,0.2,922.7,707.4,598.5,2801.1
120000,天津市,2009,30.3418,817.9371,453.274,303.3486,2106.4828
120000,天津市,2008,19.7448,495.9428,424.8664,196.2115,1384.6471
120000,天津市,2007,11.0727,272.126,367.934,121.0696,914.6712
120000,天津市,2006,10.9763,225.3374,219.4509,100.9374,719.9622
120000,天津市,2005,10.0267,232.8033,233.3919,82.0987,478.1423
120000,天津市,2004,10.2543,164.3917,169.9855,91.3436,430.8759
120000,天津市,2003,9.0793,,270.2693,88.9746,367.2429
120000,天津市,2002,,,,,
120000,天津市,2001,,,,,
120000,天津市,2000,,,,,
130000,河北省,2019,,,,,
130000,河北省,2018,,,,,
130000,河北省,2017,,6139.4615,8653.7828,5146.876,8248.2019
130000,河北省,2016,,7194.1053,7337.4119,4631.2478,7481.669
130000,河北省,2015,,7800.5806,5448.7413,3758.8467,7612.2987
130000,河北省,2014,,5845.9793,5479.4239,3395.8017,7366.2742
130000,河北省,2013,,5781.333,4497.1542,2716.1582,6189.7084
130000,河北省,2012,,5384.0815,3925.9844,2242.5676,4465.4748
130000,河北省,2011,,5007.4553,3194.0666,1518.4907,3005.6545
130000,河北省,2010,242.4,3618.8,2655.6,1396.2,2744.7
130000,河北省,2009,203.5068,4090.0802,1846.3235,968.3991,1848.1531
130000,河北省,2008,92.8304,3119.3414,1051.0424,525.6341,1590.4841
130000,河北省,2007,111.6991,2457.5266,938.6025,384.9463,1088.2581
130000,河北省,2006,121.2961,1884.4854,887.7891,236.7148,791.3568
130000,河北省,2005,90.028,1258.2116,762.6533,185.7147,619.6348
130000,河北省,2004,77.5741,930.5205,561.6015,165.2867,329.1064
130000,河北省,2003,71.8477,,530.1549,123.3432,213.8678
130000,河北省,2002,,,,,
130000,河北省,2001,,,,,
130000,河北省,2000,,,,,
140000,山西省,2019,,,,,
140000,山西省,2018,,,,,
140000,山西省,2017,,1757.0752,1340.7838,451.372,1006.6442
140000,山西省,2016,,6554.4565,2482.5953,870.5845,2354.3615
140000,山西省,2015,,5576.1974,3162.5591,854.6308,2656.3315
140000,山西省,2014,,2942.2429,3782.7543,886.4756,3020.4283
140000,山西省,2013,,2834.6789,3020.4421,911.2311,2670.3654
140000,山西省,2012,,2094.9574,2536.4123,833.1833,2109.849
140000,山西省,2011,,1879.5014,1795.7873,677.8209,1694.381
140000,山西省,2010,27.0,1595.6,1123.0,516.2,1672.6
140000,山西省,2009,34.3685,1309.6957,867.9603,382.3243,1437.9333
140000,山西省,2008,20.0185,942.3133,733.1189,270.5296,901.8022
140000,山西省,2007,21.2369,614.1261,760.4421,277.3962,668.0895
140000,山西省,2006,23.1075,504.8867,535.9024,228.0944,555.0713
140000,山西省,2005,24.1349,377.7516,374.6908,163.5986,548.3032
140000,山西省,2004,20.8537,352.9846,321.4217,113.3515,375.2794
140000,山西省,2003,28.3808,,337.0163,62.2515,224.6269
140000,山西省,2002,,,,,
140000,山西省,2001,,,,,
140000,山西省,2000,,,,,
150000,内蒙古自治区,2019,,,,,
150000,内蒙古自治区,2018,,,,,
150000,内蒙古自治区,2017,,6739.2097,1499.4289,991.654,3707.839
150000,内蒙古自治区,2016,,7759.1837,1341.3046,1046.6534,3613.3443
150000,内蒙古自治区,2015,,6782.6001,1556.523,611.3245,3497.6501
150000,内蒙古自治区,2014,,7841.5566,2710.8318,691.1207,4823.4573
150000,内蒙古自治区,2013,,5809.1323,1978.7312,741.4544,4064.0623
150000,内蒙古自治区,2012,,4817.0622,1693.1178,587.1548,3360.9956
150000,内蒙古自治区,2011,,3665.1035,1547.8822,669.6256,2779.2064
150000,内蒙古自治区,2010,31.7,2513.1,1241.8,1077.3,2704.0
150000,内蒙古自治区,2009,44.6533,2511.4257,1013.974,771.2559,1987.0716
150000,内蒙古自治区,2008,41.2526,1695.2115,794.6177,574.0293,1477.6324
150000,内蒙古自治区,2007,45.3974,1162.5815,975.2404,444.5441,1126.3528
150000,内蒙古自治区,2006,47.0065,885.3867,703.3514,296.5115,1007.5887
150000,内蒙古自治区,2005,66.5314,797.8919,543.1444,207.2231,778.3618
150000,内蒙古自治区,2004,61.8267,566.0291,374.7942,145.7851,433.9244
150000,内蒙古自治区,2003,59.2761,,255.7476,105.6852,217.0207
150000,内蒙古自治区,2002,,,,,
150000,内蒙古自治区,2001,,,,,
150000,内蒙古自治区,2000,,,,,
210000,辽宁省,2019,,,,,
210000,辽宁省,2018,,,,,
210000,辽宁省,2017,,841.7901,1115.3729,576.1499,1621.767
210000,辽宁省,2016,,1430.4064,1074.6407,497.1384,1339.2966
210000,辽宁省,2015,,7492.8689,2141.6443,2138.4446,2308.7699
210000,辽宁省,2014,,5187.1501,5715.8518,4261.3553,3961.1716
210000,辽宁省,2013,,4871.1511,4976.6388,3444.78,5048.0806
210000,辽宁省,2012,,5190.5765,4057.4249,2330.2276,4501.3259
210000,辽宁省,2011,,4729.0199,3167.2697,1596.0896,3451.5212
210000,辽宁省,2010,,3919.0,2534.0,1428.1,3759.5
210000,辽宁省,2009,181.1742,3823.5775,1645.2189,910.9907,2403.5955
210000,辽宁省,2008,162.3664,2565.4287,1329.9855,587.4347,2175.9358
210000,辽宁省,2007,146.2246,1861.1131,1217.7483,451.0923,1402.2898
210000,辽宁省,2006,160.453,1393.9361,960.0733,307.4191,1013.7656
210000,辽宁省,2005,136.3273,982.8166,689.7878,327.6116,655.7238
210000,辽宁省,2004,68.3394,723.9383,513.9616,219.9686,348.8289
210000,辽宁省,2003,50.9249,,590.893,252.874,292.954
210000,辽宁省,2002,,,,,
210000,辽宁省,2001,,,,,
210000,辽宁省,2000,,,,,
220000,吉林省,2019,,,,,
220000,吉林省,2018,,,,,
220000,吉林省,2017,,8186.0978,1634.0085,700.8174,1699.8427
220000,吉林省,2016,,8071.6618,2333.6523,696.054,1655.0389
220000,吉林省,2015,,7563.5802,2107.0186,1110.2035,803.5504
220000,吉林省,2014,,5902.8588,2261.7948,989.8638,923.2951
220000,吉林省,2013,,4091.8584,2358.9932,894.5183,1127.9627
220000,吉林省,2012,,4326.9361,1955.4079,911.6927,758.1715
220000,吉林省,2011,,3362.1008,1151.5283,525.916,991.7132
220000,吉林省,2010,1039.1,2717.2,889.7,376.6,1451.6
220000,吉林省,2009,31.1247,3282.226,648.0606,369.9611,870.9037
220000,吉林省,2008,32.293,2323.4856,606.7121,293.8904,695.2905
220000,吉林省,2007,36.1628,1478.4996,633.737,301.903,399.8023
220000,吉林省,2006,35.599,929.5836,526.0471,222.3611,342.3135
220000,吉林省,2005,32.0557,518.4537,401.6616,134.0668,299.2828
220000,吉林省,2004,17.4281,320.036,283.8525,68.0494,198.0255
220000,吉林省,2003,21.4806,,265.9978,83.0887,124.4547
220000,吉林省,2002,,,,,
220000,吉林省,2001,,,,,
220000,吉林省,2000,,,,,
230000,黑龙江省,2019,,,,,
230000,黑龙江省,2018,,,,,
230000,黑龙江省,2017,,7629.5145,943.1875,317.3335,1374.0214
230000,黑龙江省,2016,,6949.985,956.0574,350.0351,1311.6379
230000,黑龙江省,2015,,5849.9783,1281.5881,538.4665,1222.1046
230000,黑龙江省,2014,,3734.2499,2287.3018,955.8903,1236.3479
230000,黑龙江省,2013,,4960.2114,1903.9215,1212.1166,1440.2017
230000,黑龙江省,2012,,3465.0467,1925.1533,887.3427,1562.0582
230000,黑龙江省,2011,,2427.3026,1280.1169,557.0531,1665.88
230000,黑龙江省,2010,56.4,2461.4,932.9,552.1,1446.7
230000,黑龙江省,2009,55.6962,1821.5038,769.1272,422.9101,1062.5881
230000,黑龙江省,2008,40.3618,1167.4695,529.4408,262.8834,914.8111
230000,黑龙江省,2007,44.1171,774.0055,551.7787,184.7703,654.6554
230000,黑龙江省,2006,43.9749,568.8604,440.4967,176.6815,489.0835
230000,黑龙江省,2005,38.3038,372.2964,348.9079,144.9087,409.1677
230000,黑龙江省,2004,37.2694,301.7359,255.0661,113.9711,355.1741
230000,黑龙江省,2003,33.8774,,274.5289,101.5645,290.6253
230000,黑龙江省,2002,,,,,
230000,黑龙江省,2001,,,,,
230000,黑龙江省,2000,,,,,
310000,上海市,2019,,,,,
310000,上海市,2018,,,,,
310000,上海市,2017,,443.8896,722.8903,716.455,1501.1852
310000,上海市,2016,,380.5771,808.5299,645.1939,1208.3448
310000,上海市,2015,,451.0172,624.3191,650.9797,1154.1311
310000,上海市,2014,,566.2015,668.5559,532.0985,1039.6328
310000,上海市,2013,,620.5509,681.3659,571.799,950.8239
310000,上海市,2012,,652.7348,694.1916,484.9142,901.4372
310000,上海市,2011,,736.2472,575.5626,385.6545,1008.631
310000,上海市,2010,17.9,431.0,490.9,322.3,1387.7
310000,上海市,2009,20.3071,389.0835,453.2901,312.4784,1981.6781
310000,上海市,2008,18.8262,380.2281,419.1468,263.8525,1887.1572
310000,上海市,2007,21.2743,332.211,424.7799,212.4696,1746.838
310000,上海市,2006,23.5815,340.2948,406.9168,210.8759,1240.2123
310000,上海市,2005,24.5344,279.8999,418.7205,235.1024,993.4601
310000,上海市,2004,24.4652,261.7972,358.6806,177.4913,865.0507
310000,上海市,2003,8.9955,,668.0921,365.7728,851.6292
310000,上海市,2002,,,,,
310000,上海市,2001,,,,,
310000,上海市,2000,,,,,
320000,江苏省,2019,,,,,
320000,江苏省,2018,,,,,
320000,江苏省,2017,,23218.6894,8798.3891,3741.4169,7612.6062
320000,江苏省,2016,,20293.7597,10154.2875,3151.7583,6814.679
320000,江苏省,2015,,19514.9466,10666.4529,2344.2759,5225.8126
320000,江苏省,2014,,14670.9173,10388.2445,2786.4243,5466.949
320000,江苏省,2013,,11859.2135,8859.6842,2765.9323,5256.2361
320000,江苏省,2012,,9456.7558,7687.2171,2830.3091,4293.3662
320000,江苏省,2011,,9217.6741,5497.3693,2539.2614,3491.213
320000,江苏省,2010,,5257.6,3165.0,1846.4,2848.1
320000,江苏省,2009,,4558.5125,2763.2224,1433.9295,2172.6394
320000,江苏省,2008,,3307.9401,2307.0797,1049.266,1640.8701
320000,江苏省,2007,,2753.273,1933.736,812.326,1146.1322
320000,江苏省,2006,,2257.4681,1563.6928,600.7126,1151.0178
320000,江苏省,2005,71.4912,1472.1877,1411.9702,468.2962,1249.7925
320000,江苏省,2004,48.546,1049.169,1055.6706,444.8442,1125.2524
320000,江苏省,2003,66.3832,,1312.8238,440.3635,932.2473
320000,江苏省,2002,,,,,
320000,江苏省,2001,,,,,
320000,江苏省,2000,,,,,
330000,浙江省,2019,,,,,
330000,浙江省,2018,,,,,
330000,浙江省,2017,,8385.5692,6032.1469,2888.1085,5593.3835
330000,浙江省,2016,,9175.407,5480.3138,2674.2604,4771.6524
330000,浙江省,2015,,8577.1053,4918.5383,2045.5452,4011.5984
330000,浙江省,2014,,7046.6607,4555.2142,1700.4323,2990.0725
330000,浙江省,2013,,6062.2254,3910.7423,1403.38,2601.4743
330000,浙江省,2012,,5390.2752,3167.0115,1138.9545,2173.4527
330000,浙江省,2011,,4279.1026,2494.4445,941.6174,1799.2331
330000,浙江省,2010,91.8,1844.6,1377.6,678.8,1419.9
330000,浙江省,2009,85.6781,1714.1645,1329.0643,583.9311,1487.2218
330000,浙江省,2008,85.5211,1470.4167,1257.3525,474.849,1239.8444
330000,浙江省,2007,83.9584,1367.6581,1077.1846,450.4634,1195.9983
330000,浙江省,2006,57.7744,1254.2564,958.1213,382.0807,1202.7682
330000,浙江省,2005,51.8448,1006.8223,849.9223,303.3345,1116.2663
330000,浙江省,2004,46.0402,811.5702,802.321,239.4767,782.4733
330000,浙江省,2003,39.4793,,1139.813,448.7723,635.6493
330000,浙江省,2002,,,,,
330000,浙江省,2001,,,,,
330000,浙江省,2000,,,,,
340000,安徽省,2019,,,,,
340000,安徽省,2018,,,,,
340000,安徽省,2017,,11002.647,5875.0644,2959.1626,3367.0271
340000,安徽省,2016,,11853.2244,5133.2221,2453.5243,2533.8383
340000,安徽省,2015,,11332.6695,3397.8383,2234.456,2414.1067
340000,安徽省,2014,,8356.6389,3930.071,2254.1972,2376.4265
340000,安徽省,2013,,6410.7611,3629.4564,1793.4296,2311.3329
340000,安徽省,2012,,5617.1832,2859.8916,1389.8997,1925.2305
340000,安徽省,2011,,5039.0517,2111.4632,858.0865,1387.7262
340000,安徽省,2010,154.5,4246.7,1628.3,525.6,1474.5
340000,安徽省,2009,,3737.0946,1177.2084,426.4442,934.9243
340000,安徽省,2008,135.4297,2366.666,921.5085,325.0934,837.2468
340000,安徽省,2007,139.1869,1586.6134,689.0443,252.8871,884.7837
340000,安徽省,2006,83.7599,992.5736,511.8015,199.2975,625.2733
340000,安徽省,2005,65.9847,621.5946,386.4784,148.9589,444.233
340000,安徽省,2004,49.4819,501.9073,331.6752,115.6784,254.2481
340000,安徽省,2003,48.1888,,340.875,109.7772,186.4717
340000,安徽省,2002,,,,,
340000,安徽省,2001,,,,,
340000,安徽省,2000,,,,,
350000,福建省,2019,,,,,
350000,福建省,2018,,,,,
350000,福建省,2017,,11832.5981,3318.6709,1820.2442,4344.5942
350000,福建省,2016,,9519.1085,3025.3538,1850.9191,3943.7774
350000,福建省,2015,,9333.0428,2520.5878,1792.748,2857.9951
350000,福建省,2014,,7081.5886,2151.0363,1606.0382,2463.6891
350000,福建省,2013,,5475.7899,2175.4303,1411.0324,2280.5829
350000,福建省,2012,,4132.5388,1858.0343,1301.3218,2066.4963
350000,福建省,2011,,3088.6045,1524.7723,696.5175,1960.8567
350000,福建省,2010,,1909.6,1202.9,555.4,1899.0
350000,福建省,2009,39.9446,1629.4219,873.0277,378.7981,1491.066
350000,福建省,2008,36.2634,1178.3349,816.5736,315.303,1125.9312
350000,福建省,2007,34.5306,881.3774,679.67,280.4855,820.4639
350000,福建省,2006,0.0,664.0326,498.1375,176.362,566.4623
350000,福建省,2005,36.3526,516.4511,381.8164,150.4379,332.8512
350000,福建省,2004,30.9212,420.2381,313.3755,71.5314,257.5076
350000,福建省,2003,27.964,,408.138,111.2526,229.6984
350000,福建省,2002,,,,,
350000,福建省,2001,,,,,
350000,福建省,2000,,,,,
360000,江西省,2019,,,,,
360000,江西省,2018,,,,,
360000,江西省,2017,,5919.4035,7061.5914,3684.4803,3090.9756
360000,江西省,2016,,6354.5441,5158.826,3277.5351,2816.8382
360000,江西省,2015,,7360.2182,2872.3497,2822.6149,2418.6156
360000,江西省,2014,,5652.5153,3117.3739,2547.8757,2006.0523
360000,江西省,2013,,5691.2889,2966.8641,1540.6659,1061.5537
360000,江西省,2012,,5184.7662,2556.9872,726.5042,940.4945
360000,江西省,2011,,4336.3984,1958.3828,501.0982,1091.0202
360000,江西省,2010,59.7,3908.5,1741.8,498.1,941.9
360000,江西省,2009,30.8418,2908.2693,1315.8869,429.955,688.6417
360000,江西省,2008,21.9447,1726.9213,978.6185,263.7305,786.5061
360000,江西省,2007,27.4021,1173.7357,610.1604,184.312,523.8048
360000,江西省,2006,28.8306,857.2195,490.7433,218.0878,434.5487
360000,江西省,2005,32.987,670.5914,381.6657,151.047,365.2688
360000,江西省,2004,33.701,477.1103,337.8995,103.1584,261.5483
360000,江西省,2003,37.6723,,239.114,98.2898,252.0381
360000,江西省,2002,,,,,
360000,江西省,2001,,,,,
360000,江西省,2000,,,,,
370000,山东省,2019,,,,,
370000,山东省,2018,,,,,
370000,山东省,2017,,18905.4466,13296.8697,5540.2298,9856.2428
370000,山东省,2016,,20347.4978,12412.8014,5083.9297,8196.8828
370000,山东省,2015,,21284.141,11578.2299,3348.2672,5278.6572
370000,山东省,2014,,14829.2017,12416.2137,3447.9629,5087.8002
370000,山东省,2013,,12893.3676,9973.1622,3595.491,3969.3038
370000,山东省,2012,,12432.5198,7379.1336,2440.061,3359.7429
370000,山东省,2011,,11622.7982,4833.5876,1857.4941,3486.7519
370000,山东省,2010,120.2,7358.0,3635.8,1620.7,2860.5
370000,山东省,2009,114.4,6702.1383,2950.1953,1190.8079,2052.8231
370000,山东省,2008,150.7946,5577.1204,2357.4233,927.9749,1477.1111
370000,山东省,2007,114.421,4899.4391,2012.4649,654.7155,951.499
370000,山东省,2006,101.8126,3761.3641,1979.7106,585.9955,1101.2396
370000,山东省,2005,74.4218,2663.8525,2035.97,543.2392,979.8689
370000,山东省,2004,107.201,1816.9458,1451.8957,411.2671,836.1191
370000,山东省,2003,139.2542,,1301.0994,404.361,558.1599
370000,山东省,2002,,,,,
370000,山东省,2001,,,,,
370000,山东省,2000,,,,,
410000,河南省,2019,,,,,
410000,河南省,2018,,,,,
410000,河南省,2017,,9746.0901,11522.795,10592.411,4938.8113
410000,河南省,2016,,5216.6697,13181.6207,10553.2083,4623.3034
410000,河南省,2015,,5674.1262,10867.9689,8441.3699,5148.8842
410000,河南省,2014,,3928.0359,10818.8984,6156.8977,4732.7384
410000,河南省,2013,,4162.366,9054.8398,4293.4421,3833.6534
410000,河南省,2012,,5394.2003,6693.0568,2663.6342,2772.4341
410000,河南省,2011,,6495.6951,4458.8719,1548.662,1804.5497
410000,河南省,2010,75.3,6697.3,2785.7,866.8,1395.6
410000,河南省,2009,110.3561,6472.1128,1760.9536,510.1174,1047.59
410000,河南省,2008,97.1947,4623.9418,1433.2879,435.1522,924.8989
410000,河南省,2007,108.0017,3400.5163,1092.277,352.3887,818.8711
410000,河南省,2006,98.0789,2217.5252,874.4095,251.9462,816.889
410000,河南省,2005,96.4105,1338.8454,801.7487,211.8948,623.8161
410000,河南省,2004,67.5408,798.4212,560.283,203.5679,474.4799
410000,河南省,2003,59.7539,,437.603,168.9226,313.798
410000,河南省,2002,,,,,
410000,河南省,2001,,,,,
410000,河南省,2000,,,,,
420000,湖北省,2019,,,,,
420000,湖北省,2018,,,,,
420000,湖北省,2017,,6903.6831,8997.0494,4527.2031,6869.7444
420000,湖北省,2016,,6261.9632,8726.379,4303.3612,5915.7893
420000,湖北省,2015,,4829.4264,7846.5522,4544.6941,4616.5132
420000,湖北省,2014,,4127.4876,7741.6227,3389.2873,3199.4842
420000,湖北省,2013,,4060.3437,6171.4737,2277.0523,3001.9592
420000,湖北省,2012,,4033.7388,4247.155,1601.2716,2727.0776
420000,湖北省,2011,,4440.1365,2445.7042,936.6477,2306.42
420000,湖北省,2010,95.0,3478.7,1823.5,635.1,1755.1
420000,湖北省,2009,98.105,2750.5275,1335.9953,462.0082,1336.5914
420000,湖北省,2008,85.4862,1821.8465,927.339,343.4733,1077.945
420000,湖北省,2007,84.0245,1332.1019,654.1055,191.009,942.3888
420000,湖北省,2006,88.5994,957.19,507.0459,126.7564,794.144
420000,湖北省,2005,82.9439,758.2383,395.3137,117.7563,585.2046
420000,湖北省,2004,63.3691,552.7887,381.0083,125.5242,501.6453
420000,湖北省,2003,84.2839,,370.7559,102.9711,405.8491
420000,湖北省,2002,,,,,
420000,湖北省,2001,,,,,
420000,湖北省,2000,,,,,
430000,湖南省,2019,,,,,
430000,湖南省,2018,,,,,
430000,湖南省,2017,,15401.2209,5503.8765,3004.8507,3992.0018
430000,湖南省,2016,,14485.1378,5134.155,2310.2359,2801.8724
430000,湖南省,2015,,16282.2663,2610.2059,1508.7948,1309.1577
430000,湖南省,2014,,12208.6042,2975.6117,1175.321,1305.4478
430000,湖南省,2013,,9794.9893,2672.1758,880.4909,1249.2056
430000,湖南省,2012,,7707.3113,1790.7319,942.4178,1315.2746
430000,湖南省,2011,,6269.8035,1064.207,477.277,1652.6322
430000,湖南省,2010,,4214.7,890.1,462.7,1581.4
430000,湖南省,2009,,3459.945,813.1841,430.7782,1091.5179
430000,湖南省,2008,86.2806,2182.3708,741.4861,277.2187,636.6862
430000,湖南省,2007,77.8723,1426.6712,728.9253,188.5127,432.977
430000,湖南省,2006,79.3224,1087.7617,501.9292,140.2285,353.1378
430000,湖南省,2005,70.2353,835.8629,392.3508,92.8844,355.644
430000,湖南省,2004,58.4759,600.1249,316.7199,88.7322,249.4896
430000,湖南省,2003,40.3563,,355.6152,73.3489,200.3444
430000,湖南省,2002,,,,,
430000,湖南省,2001,,,,,
430000,湖南省,2000,,,,,
440000,广东省,2019,,,,,
440000,广东省,2018,,,,,
440000,广东省,2017,,10729.156,4685.5368,1964.6191,7948.9065
440000,广东省,2016,,10819.4577,3968.2352,1535.3178,6316.4946
440000,广东省,2015,,11372.4578,4037.2729,954.4432,5047.8429
440000,广东省,2014,,8334.8592,4538.4989,891.3595,4439.8864
440000,广东省,2013,,6354.0844,4348.5433,630.8954,3972.4001
440000,广东省,2012,,5567.2063,3205.1449,719.0061,3405.9855
440000,广东省,2011,,5680.3884,2174.6029,646.1593,3288.1033
440000,广东省,2010,243.5,2947.4,1311.7,805.3,3631.7
440000,广东省,2009,235.6323,2481.7811,1065.1322,610.6244,2875.5637
440000,广东省,2008,226.5623,1958.5135,925.0754,491.055,2090.4146
440000,广东省,2007,199.0566,1441.3857,1027.311,423.1237,1760.5815
440000,广东省,2006,134.5332,1431.9694,1171.5716,396.0902,1575.9925
440000,广东省,2005,94.9785,1179.6737,1044.9762,429.292,1549.287
440000,广东省,2004,68.3233,993.9795,918.5882,292.8502,1312.9426
440000,广东省,2003,93.6256,,1047.6031,452.2186,1424.3369
440000,广东省,2002,,,,,
440000,广东省,2001,,,,,
440000,广东省,2000,,,,,
450000,广西壮族自治区,2019,,,,,
450000,广西壮族自治区,2018,,,,,
450000,广西壮族自治区,2017,,11176.8297,2259.4993,1250.9117,2537.5478
450000,广西壮族自治区,2016,,10902.9719,1527.2125,779.012,2045.766
450000,广西壮族自治区,2015,,10499.1779,1136.8785,749.6747,1360.1226
450000,广西壮族自治区,2014,,8141.4591,1353.5629,770.5256,1183.5672
450000,广西壮族自治区,2013,,6857.6246,1170.6744,634.6072,1106.391
450000,广西壮族自治区,2012,,4907.0078,1217.1303,655.7,1010.4022
450000,广西壮族自治区,2011,,3319.924,1119.9328,546.8868,1076.6899
450000,广西壮族自治区,2010,227.6,2619.3,874.2,487.0,968.9
450000,广西壮族自治区,2009,195.7966,2115.5049,678.3108,320.5638,566.0229
450000,广西壮族自治区,2008,134.4754,1277.5576,532.0277,187.0859,567.4567
450000,广西壮族自治区,2007,132.0823,908.6589,463.534,145.7774,410.4013
450000,广西壮族自治区,2006,109.871,690.1927,318.1645,115.3919,344.2093
450000,广西壮族自治区,2005,97.9959,498.5014,270.7275,79.9124,246.9891
450000,广西壮族自治区,2004,66.587,324.2669,213.6759,70.4914,180.2936
450000,广西壮族自治区,2003,69.4574,,212.9883,46.1736,136.0376
450000,广西壮族自治区,2002,,,,,
450000,广西壮族自治区,2001,,,,,
450000,广西壮族自治区,2000,,,,,
460000,海南省,2019,,,,,
460000,海南省,2018,,,,,
460000,海南省,2017,,262.0099,376.3129,255.1468,1178.8206
460000,海南省,2016,,259.1481,358.2793,223.5868,1118.4141
460000,海南省,2015,,237.1449,311.2051,245.9275,857.131
460000,海南省,2014,,235.2262,306.2875,225.1407,841.1496
460000,海南省,2013,,104.4204,318.5261,336.3455,669.5424
460000,海南省,2012,,202.4858,297.1075,182.2126,495.9943
460000,海南省,2011,,170.7299,201.382,139.0895,437.1587
460000,海南省,2010,5.2,141.6,139.9,88.1,414.8
460000,海南省,2009,9.5281,172.3895,129.0824,60.2967,283.4254
460000,海南省,2008,8.2349,94.3893,85.2076,49.7184,231.0197
460000,海南省,2007,10.2862,103.3643,65.4935,49.0767,116.9722
460000,海南省,2006,10.1149,85.7431,53.2859,45.2792,113.3224
460000,海南省,2005,10.9578,74.812,54.3386,20.1157,108.1709
460000,海南省,2004,8.7135,69.7107,61.7356,6.4415,82.3394
460000,海南省,2003,10.8951,,59.3266,13.5443,67.0459
460000,海南省,2002,,,,,
460000,海南省,2001,,,,,
460000,海南省,2000,,,,,
500000,重庆市,2019,,,,,
500000,重庆市,2018,,,,,
500000,重庆市,2017,,5346.3883,2553.3953,2522.2985,3038.3997
500000,重庆市,2016,,5152.7438,2213.7976,2081.0413,2758.255
500000,重庆市,2015,,4607.4853,1942.676,1605.4818,2301.2232
500000,重庆市,2014,,3488.034,1918.3295,1422.8576,1681.3794
500000,重庆市,2013,,3077.3411,1495.5977,1021.1125,1684.1174
500000,重庆市,2012,,2295.2285,1195.9802,768.4679,1842.344
500000,重庆市,2011,,2166.1953,1043.6152,579.8191,1562.2363
500000,重庆市,2010,37.7,1564.4,848.5,529.7,1570.0
500000,重庆市,2009,38.9973,1249.0968,658.2882,400.516,1269.2945
500000,重庆市,2008,31.4091,905.4544,596.8162,308.4905,882.7315
500000,重庆市,2007,30.5604,623.8019,537.4485,190.9141,704.448
500000,重庆市,2006,35.5271,488.9408,355.0226,185.6587,557.1658
500000,重庆市,2005,44.2753,390.5617,323.5974,139.0389,361.8666
500000,重庆市,2004,35.233,313.5874,241.3058,89.9754,318.7496
500000,重庆市,2003,30.0488,,345.403,122.3201,165.9194
500000,重庆市,2002,,,,,
500000,重庆市,2001,,,,,
500000,重庆市,2000,,,,,
510000,四川省,2019,,,,,
510000,四川省,2018,,,,,
510000,四川省,2017,,9820.7238,6859.204,3867.9732,5538.0967
510000,四川省,2016,,10487.4316,5621.7024,3275.885,3562.1233
510000,四川省,2015,,9044.6474,5327.4964,3124.2125,2656.1833
510000,四川省,2014,,7157.9097,5037.9503,3153.2921,2932.8824
510000,四川省,2013,,6793.1311,4056.2065,2520.7032,2532.2508
510000,四川省,2012,,5680.675,3197.0798,1831.9726,2554.19
510000,四川省,2011,,4327.1379,2501.0985,1443.8884,2596.4564
510000,四川省,2010,66.9,2988.9,2280.8,1032.9,2497.2
510000,四川省,2009,83.1714,2952.7766,1634.1278,791.6651,2039.9733
510000,四川省,2008,69.8716,2047.6678,1161.8525,419.0212,1211.9721
510000,四川省,2007,99.2316,1747.8126,776.0303,335.3432,758.1638
510000,四川省,2006,90.6587,1339.8278,679.6189,250.5554,652.214
510000,四川省,2005,93.0335,973.5595,558.1702,212.7982,452.7651
510000,四川省,2004,71.7389,740.9186,459.1035,179.5431,360.1217
510000,四川省,2003,59.2645,,514.0934,145.9895,301.3163
510000,四川省,2002,,,,,
510000,四川省,2001,,,,,
510000,四川省,2000,,,,,
520000,贵州省,2019,,,,,
520000,贵州省,2018,,,,,
520000,贵州省,2017,,3402.1337,4336.7348,1829.3438,3518.8005
520000,贵州省,2016,,1797.0303,3906.54,1886.0207,3190.6176
520000,贵州省,2015,,446.8337,3272.8952,1629.5474,3122.3347
520000,贵州省,2014,,287.1,1776.4964,1424.8835,3102.2532
520000,贵州省,2013,,220.4,1331.8,1102.4586,2505.6167
520000,贵州省,2012,,,1372.6107,840.9335,1823.8072
520000,贵州省,2011,,898.5142,651.7017,384.2254,1218.5499
520000,贵州省,2010,,574.2,367.2,180.2,931.1
520000,贵州省,2009,94.6915,621.7659,234.9024,140.8772,586.3375
520000,贵州省,2008,89.6695,392.5133,232.4495,82.3834,501.0715
520000,贵州省,2007,89.8899,306.5731,189.8464,69.816,383.3374
520000,贵州省,2006,61.7268,263.2966,161.1633,52.4664,327.346
520000,贵州省,2005,62.946,222.4759,118.6879,52.8257,288.2768
520000,贵州省,2004,51.7091,194.9703,107.9584,48.9208,242.2412
520000,贵州省,2003,43.4003,,138.1136,42.4856,185.6736
520000,贵州省,2002,,,,,
520000,贵州省,2001,,,,,
520000,贵州省,2000,,,,,
530000,云南省,2019,,,,,
530000,云南省,2018,,,,,
530000,云南省,2017,,7810.8529,2504.3642,1277.6644,4095.7575
530000,云南省,2016,,6544.8027,2051.9924,1061.5997,3315.7566
530000,云南省,2015,,4691.6215,1889.9107,1111.2215,2707.6284
530000,云南省,2014,,3214.5977,1908.8441,877.7646,2225.9518
530000,云南省,2013,,2885.7569,1444.0735,747.1484,2056.5257
530000,云南省,2012,,2700.6748,881.3908,444.8159,1744.4959
530000,云南省,2011,,1836.2025,633.3477,363.987,1819.0864
530000,云南省,2010,66.2,1329.7,596.6,408.3,1751.4
530000,云南省,2009,75.2372,1168.7284,564.692,243.0146,1328.3841
530000,云南省,2008,116.7758,891.6471,445.1464,218.7579,876.315
530000,云南省,2007,68.9721,570.9841,402.8364,162.428,815.7112
530000,云南省,2006,56.9201,405.6209,309.0232,108.6014,789.5308
530000,云南省,2005,57.1121,360.6167,255.7972,87.4919,584.3562
530000,云南省,2004,54.7505,301.6569,190.1569,72.1674,319.768
530000,云南省,2003,48.9132,,209.7362,64.8065,211.1343
530000,云南省,2002,,,,,
530000,云南省,2001,,,,,
530000,云南省,2000,,,,,
540000,西藏自治区,2019,,,,,
540000,西藏自治区,2018,,,,,
540000,西藏自治区,2017,,709.4797,456.8106,222.184,546.7616
540000,西藏自治区,2016,,579.1683,352.7749,145.9318,469.6377
540000,西藏自治区,2015,,413.9602,347.0178,311.103,173.5812
540000,西藏自治区,2014,,365.258,269.5067,266.5722,114.9859
540000,西藏自治区,2013,,335.6408,237.9796,196.7378,95.9664
540000,西藏自治区,2012,,305.0616,124.4133,76.2365,157.9335
540000,西藏自治区,2011,,263.9245,68.1538,53.9667,125.1307
540000,西藏自治区,2010,22.8,164.0,74.4,51.5,83.4
540000,西藏自治区,2009,29.619,160.1243,50.8516,17.3244,53.9677
540000,西藏自治区,2008,24.3679,99.547,66.1629,18.6845,48.7535
540000,西藏自治区,2007,24.0889,101.3142,56.6527,12.1363,24.9583
540000,西藏自治区,2006,23.0034,97.2978,36.014,19.0403,16.3932
540000,西藏自治区,2005,25.4645,83.0778,43.817,14.2911,8.7179
540000,西藏自治区,2004,23.4877,70.1809,27.7165,21.2527,11.5089
540000,西藏自治区,2003,25.1367,,20.8884,11.0402,16.3166
540000,西藏自治区,2002,,,,,
540000,西藏自治区,2001,,,,,
540000,西藏自治区,2000,,,,,
610000,陕西省,2019,,,,,
610000,陕西省,2018,,,,,
610000,陕西省,2017,,7878.4552,5475.6683,2639.8142,4372.2975
610000,陕西省,2016,,6777.6052,4703.1413,2696.3069,3561.0441
610000,陕西省,2015,,7193.3965,2977.7635,2227.1953,3338.3888
610000,陕西省,2014,,5577.1134,3040.0411,2399.1696,3397.4584
610000,陕西省,2013,,4484.9769,2630.6744,1844.9372,3332.7551
610000,陕西省,2012,,3442.1921,2300.8512,1328.1344,2798.7217
610000,陕西省,2011,,2472.2947,1644.6635,863.2819,2717.8403
610000,陕西省,2010,42.1,1904.7,1324.9,625.5,2513.2
610000,陕西省,2009,50.1669,2103.6901,835.3044,455.8351,1501.7429
610000,陕西省,2008,41.5084,1487.6628,721.3431,287.2201,986.4605
610000,陕西省,2007,40.0519,1003.2192,642.6709,258.3252,689.2275
610000,陕西省,2006,39.7497,690.638,471.6798,150.1335,538.6455
610000,陕西省,2005,44.1325,484.934,347.9813,166.4157,398.443
610000,陕西省,2004,42.9197,412.7018,257.9982,122.0064,289.7673
610000,陕西省,2003,42.6079,,268.897,116.6619,249.7249
610000,陕西省,2002,,,,,
610000,陕西省,2001,,,,,
610000,陕西省,2000,,,,,
620000,甘肃省,2019,,,,,
620000,甘肃省,2018,,,,,
620000,甘肃省,2017,,2237.1808,1039.9979,469.7131,1004.9407
620000,甘肃省,2016,,5191.9592,1699.5146,589.1006,1203.4935
620000,甘肃省,2015,,4813.1213,1606.4847,379.4101,1059.5181
620000,甘肃省,2014,,3003.3292,2390.9061,438.8807,1205.0439
620000,甘肃省,2013,,2064.1857,2318.7,415.0822,884.5813
620000,甘肃省,2012,,1823.2187,1546.5649,476.6258,632.6068
620000,甘肃省,2011,,1770.2573,673.6897,365.638,693.5278
620000,甘肃省,2010,46.5,1050.5,505.8,269.1,670.2
620000,甘肃省,2009,52.2576,820.4934,342.8122,120.2464,536.4108
620000,甘肃省,2008,47.477,583.6529,298.4788,115.303,280.032
620000,甘肃省,2007,49.9592,464.3086,234.3061,92.6586,202.1608
620000,甘肃省,2006,48.7763,329.8367,175.8808,50.9604,220.7469
620000,甘肃省,2005,50.7158,273.5268,136.4348,34.7475,204.0176
620000,甘肃省,2004,47.755,217.4915,122.8851,37.9927,159.8435
620000,甘肃省,2003,44.2977,,114.094,47.2229,117.9442
620000,甘肃省,2002,,,,,
620000,甘肃省,2001,,,,,
620000,甘肃省,2000,,,,,
630000,青海省,2019,,,,,
630000,青海省,2018,,,,,
630000,青海省,2017,,946.0933,665.779,349.1176,1450.2853
630000,青海省,2016,,872.8286,696.8436,318.3794,1170.5404
630000,青海省,2015,,856.2641,570.7094,382.893,998.3042
630000,青海省,2014,,666.5671,485.0233,258.6987,1070.3523
630000,青海省,2013,,580.6712,463.3207,169.5773,824.1183
630000,青海省,2012,,469.5824,382.8283,118.2939,648.2819
630000,青海省,2011,,391.1186,281.2112,125.1853,423.7042
630000,青海省,2010,13.4,213.5,102.7,75.2,327.0
630000,青海省,2009,18.6295,170.9477,107.6206,60.5488,258.4928
630000,青海省,2008,18.8912,133.3884,85.4614,36.632,188.4871
630000,青海省,2007,18.2075,118.4313,76.7466,47.2181,148.8815
630000,青海省,2006,22.9984,104.7648,58.5005,33.3719,133.7992
630000,青海省,2005,19.6681,82.3836,54.5746,36.6278,88.4706
630000,青海省,2004,21.816,68.5054,46.3201,43.0305,65.4137
630000,青海省,2003,22.1262,,44.9927,42.5929,44.2523
630000,青海省,2002,,,,,
630000,青海省,2001,,,,,
630000,青海省,2000,,,,,
640000,宁夏回族自治区,2019,,,,,
640000,宁夏回族自治区,2018,,,,,
640000,宁夏回族自治区,2017,,771.5802,646.1887,386.576,1182.9337
640000,宁夏回族自治区,2016,,697.1948,663.3776,384.6997,1235.608
640000,宁夏回族自治区,2015,,656.7154,700.7727,395.7642,1039.5326
640000,宁夏回族自治区,2014,,580.6911,764.6478,332.7615,761.0192
640000,宁夏回族自治区,2013,,523.5065,612.9169,200.9032,681.4934
640000,宁夏回族自治区,2012,,392.626,495.6102,202.5732,513.0722
640000,宁夏回族自治区,2011,,316.6973,408.8456,169.0116,358.3576
640000,宁夏回族自治区,2010,9.1,220.0,234.7,133.8,440.9
640000,宁夏回族自治区,2009,11.2203,195.8419,184.0599,84.5849,325.7119
640000,宁夏回族自治区,2008,8.225,167.7997,135.9776,50.5013,255.6205
640000,宁夏回族自治区,2007,9.9314,133.37,98.6281,50.7447,141.9076
640000,宁夏回族自治区,2006,14.0761,130.1486,74.7176,24.3811,118.4659
640000,宁夏回族自治区,2005,12.9197,95.7247,68.8434,22.541,107.1843
640000,宁夏回族自治区,2004,10.92,108.4308,53.7076,22.4629,52.9314
640000,宁夏回族自治区,2003,15.9045,,64.0187,14.2911,38.788
640000,宁夏回族自治区,2002,,,,,
640000,宁夏回族自治区,2001,,,,,
640000,宁夏回族自治区,2000,,,,,
650000,新疆维吾尔自治区,2019,,,,,
650000,新疆维吾尔自治区,2018,,,,,
650000,新疆维吾尔自治区,2017,,3896.4718,2887.0573,1176.7471,2797.5078
650000,新疆维吾尔自治区,2016,,3559.0834,1912.2671,924.0772,2665.0318
650000,新疆维吾尔自治区,2015,,3021.5763,1836.4937,1840.7009,2827.7746
650000,新疆维吾尔自治区,2014,,2164.7869,1684.5185,1200.1627,3003.5123
650000,新疆维吾尔自治区,2013,,1685.8454,1647.4979,718.1231,2494.0838
650000,新疆维吾尔自治区,2012,,1755.8597,998.0664,494.6029,2003.3528
650000,新疆维吾尔自治区,2011,,1292.9463,702.3963,326.7732,1606.481
650000,新疆维吾尔自治区,2010,55.8,920.4,401.5,222.9,1116.8
650000,新疆维吾尔自治区,2009,61.6992,768.3382,311.145,181.5267,875.557
650000,新疆维吾尔自治区,2008,49.6191,604.747,245.7011,167.4457,729.4997
650000,新疆维吾尔自治区,2007,65.2004,459.2195,216.7401,129.4599,620.2535
650000,新疆维吾尔自治区,2006,64.9717,404.7392,212.4401,71.704,543.2774
650000,新疆维吾尔自治区,2005,65.7674,337.8742,178.0112,61.5958,465.0949
650000,新疆维吾尔自治区,2004,66.4888,328.1486,192.1997,50.9744,294.1439
650000,新疆维吾尔自治区,2003,59.5056,,215.4357,68.7777,223.8708
650000,新疆维吾尔自治区,2002,,,,,
650000,新疆维吾尔自治区,2001,,,,,
650000,新疆维吾尔自治区,2000,,,,,
